refId,id,first_name,last_name,email,gender,ip_address
2a8885c1-ccf7-419a-821a-8eeb0980ce45,1,Pauli,Speare,pspeare0@census.gov,Female,199.148.155.46
eda24cbb-4a6b-4e62-8bc9-0061e96cb4cb,2,Lionello,Torald,ltorald1@noaa.gov,Male,60.179.11.223
093a857b-ec1e-42ed-bd2a-4f1930e298cf,3,Penelopa,Drayn,pdrayn2@opera.com,Female,112.94.184.146
a976e2de-5101-4c84-939e-8bf6fac9b8e1,4,Dyna,Wilkenson,dwilkenson3@senate.gov,Female,33.160.132.27
52ed76d9-a6d3-4ddd-97ff-21c3d8e9704a,5,Ezri,Cartmell,ecartmell4@independent.co.uk,Male,22.19.186.211
d7398231-05e8-494a-bb72-e8863600b0ad,6,Sheilakathryn,Dack,sdack5@artisteer.com,Female,14.28.149.14
aed9c5b3-eff1-4e58-a126-ce00e4e2d208,7,Ardene,Witling,awitling6@bandcamp.com,Female,197.170.98.162
88d1e634-c8bd-46ea-bdb2-139a4d93ef13,8,Skipton,Duffell,sduffell7@zdnet.com,Male,243.140.43.146
cf222ccb-4975-49bf-9eed-201e5bb8ab21,9,Danita,Bransgrove,dbransgrove8@abc.net.au,Female,206.131.179.28
029dcdd7-671e-4947-8ee9-ed2520c2da13,10,Dina,Amber,damber9@microsoft.com,Female,51.216.218.247
0114a348-0b06-497e-aee5-eb665542e002,11,Farra,Mabbitt,fmabbitta@photobucket.com,Female,249.19.182.111
fd9f56a0-6557-4a2f-95dc-3b1221f9362d,12,Waverley,O'Kerin,wokerinb@google.pl,Male,95.88.69.20
59a78108-b52f-410a-974c-b09b555f457c,13,Giulia,McQuade,gmcquadec@nih.gov,Female,145.140.3.191
21d1a214-6009-4360-b272-39a05a33cd88,14,Renado,Springthorp,rspringthorpd@furl.net,Male,113.124.240.118
464a7467-7689-4cb1-ac01-64fe9e222dcc,15,Thebault,Philip,tphilipe@umn.edu,Male,22.5.178.54
ada74a93-8fbd-405b-9593-5c154d70f128,16,Cori,Asty,castyf@cdbaby.com,Male,173.174.169.218
173934b4-a991-404b-98fa-6084048e2d2e,17,Jilli,Weatherby,jweatherbyg@psu.edu,Female,236.237.18.27
62426b6d-610b-444d-8e92-f9dd0e313899,18,Ingar,De Matteis,idematteish@dmoz.org,Male,241.47.166.9
a06d9aec-a52f-4aea-ac78-9717713c3cb7,19,Georgia,Kohrt,gkohrti@va.gov,Female,151.140.254.133
182f7a8d-4cdf-4397-acf8-95bb7fbf8ce7,20,Brigg,Tullot,btullotj@epa.gov,Male,33.206.228.166
6901be2e-061b-4bf0-a3e3-c54af3877070,21,Orion,Rapport,orapportk@vinaora.com,Male,135.21.3.66
30f35782-8a5f-4903-b2db-ab063bc0fe3a,22,Liane,Godden,lgoddenl@wikipedia.org,Female,237.33.112.188
f341f71c-6c27-4b25-aacf-7801f8d9dee8,23,Karlan,Shippard,kshippardm@de.vu,Male,243.234.9.195
52010ae4-af10-4b78-ade4-878fdc298dc2,24,Kelley,Lanceley,klanceleyn@prnewswire.com,Female,163.210.162.111
f2c0dc09-761e-43ea-9772-4b702c6ce607,25,Doralynn,Fenne,dfenneo@feedburner.com,Female,238.223.239.122
e6d24062-e8f9-4212-b2d0-961e579c861e,26,Lorrie,Pawlowicz,lpawlowiczp@oracle.com,Male,197.39.202.124
9bd56029-a102-4c2e-beef-8e6d23a82475,27,Chevy,Baal,cbaalq@netlog.com,Male,29.182.214.81
12992544-f277-41a9-ade2-b62f78e62418,28,Garv,Keeler,gkeelerr@vkontakte.ru,Male,83.127.145.29
50f6667d-82a5-4ea0-8fa0-b610ce69aa0d,29,Alwin,Ingre,aingres@china.com.cn,Male,198.125.159.127
ea35e33e-2278-48b1-b9ae-fe4fd9b5378a,30,Ekaterina,Pym,epymt@google.de,Female,234.231.253.79
5f1eeac3-12e9-40b9-a11b-71eec00bc765,31,Martynne,Arthur,marthuru@oakley.com,Female,158.118.195.208
ba4eca67-5e8a-4e04-8c84-3ccba4ede8db,32,Peter,Tirte,ptirtev@jigsy.com,Male,232.173.101.181
34c10ac1-3afa-4437-a5fc-15ddb1b9693b,33,Janie,Boutton,jbouttonw@usnews.com,Female,221.135.127.140
4b93db28-1a38-4ab6-ab3f-8b4849933aca,34,Lezlie,Reary,lrearyx@homestead.com,Female,108.250.95.130
1e4a7c72-4e00-4134-a0c7-986de7937cd5,35,Merilyn,Pettecrew,mpettecrewy@dailymail.co.uk,Female,0.39.93.130
9f7a458e-7441-4442-ba5b-3ec3af5bfc55,36,Neal,Milier,nmilierz@gmpg.org,Male,114.245.232.191
9b598cef-6278-412c-9529-0fcbc631de1f,37,Bea,Himsworth,bhimsworth10@google.co.uk,Female,205.115.49.170
48fb343c-c2db-4aa8-8160-6572991ca7e4,38,Ethe,Staneland,estaneland11@princeton.edu,Male,222.208.158.69
cef7ecdb-45b1-4733-99ab-c303ebbcd767,39,Kirstin,Chimenti,kchimenti12@businesswire.com,Female,206.191.115.51
67ae7067-7716-4993-bed1-b90d4e6f4fd9,40,Jorgan,Coldbath,jcoldbath13@odnoklassniki.ru,Male,123.183.173.108
2991a1f4-95e5-41ce-86f6-5b0fe170ef0e,41,Lilllie,Swinerd,lswinerd14@google.ca,Female,133.26.141.129
5a6fc161-edf0-4c8d-b912-34297b79cd8a,42,Zelda,Tandey,ztandey15@time.com,Female,155.4.148.97
2276fc05-5aa9-4759-933d-dcda86e12fc4,43,Artus,Rowat,arowat16@google.co.uk,Male,118.2.92.237
d7da5f12-774c-4a77-8622-181ac12f694c,44,Rosemonde,Pounder,rpounder17@people.com.cn,Female,66.90.222.220
a1b0e84f-fd39-4f15-8173-067ebe4aa14a,45,Seamus,Ridulfo,sridulfo18@tripadvisor.com,Male,207.8.20.143
dd2690ef-db7f-4ac2-aeb7-d77723097694,46,Philly,Casine,pcasine19@marriott.com,Female,220.184.183.165
86955ba4-cae6-4ee4-ad6d-a18aee42936a,47,Dyann,MacRory,dmacrory1a@bravesites.com,Female,220.89.182.24
e4fbd1fa-acf1-4ebd-95a4-61b9cf328835,48,Lorene,Whiffen,lwhiffen1b@archive.org,Female,47.108.120.238
5b049b47-2225-433f-822b-9f6b0cca9763,49,Kristoforo,Lindell,klindell1c@paginegialle.it,Male,233.7.240.43
e6c3cb0d-fa19-47d0-9297-71d4bdf207a1,50,Toiboid,Sinclar,tsinclar1d@foxnews.com,Male,246.181.191.219
01e740c6-7204-4944-b730-59a9c7d740e6,51,Dulcy,Graffham,dgraffham1e@usda.gov,Female,44.69.53.156
039c6bca-6fb7-4596-9a65-e0dbf82ef6df,52,Codi,Crosbie,ccrosbie1f@webeden.co.uk,Male,197.7.56.246
23968cd1-65f0-42b2-8ce4-2f6db6ab2341,53,Martha,Gilchrist,mgilchrist1g@hao123.com,Female,6.167.91.66
07569942-4df5-47e1-a89d-1f50330909ae,54,Davida,Gantzer,dgantzer1h@economist.com,Female,84.188.139.15
fd44984b-518b-4fc2-ad05-e376da39c24f,55,Hedvig,Grishankov,hgrishankov1i@t-online.de,Female,2.72.201.125
3287a6b6-e85e-44dc-8239-640d30029f18,56,Cammy,Vooght,cvooght1j@xinhuanet.com,Male,172.156.212.74
96d560e0-9eed-4e99-b5b2-ca2aa500be92,57,Frasco,Reisenstein,freisenstein1k@bloomberg.com,Male,79.228.87.243
b1a18e4e-f9e9-4be7-a184-230bc8ab1ab0,58,Fraser,Suter,fsuter1l@gizmodo.com,Male,2.34.16.193
10a8d373-93a3-410d-81af-99a77da01255,59,Rhianna,Stanbra,rstanbra1m@examiner.com,Female,182.139.91.228
61936355-8b1f-489e-8887-a61faf373861,60,Temp,Petracchi,tpetracchi1n@posterous.com,Male,96.77.44.100
8db8502e-f6b2-4af8-9965-e716c6e0911c,61,Gwenny,Tarling,gtarling1o@squidoo.com,Female,113.122.52.155
f2570fa7-c99a-4933-9fb3-965536d6b9d1,62,Lorry,Crole,lcrole1p@storify.com,Female,147.146.113.8
405149b8-56d7-4ac0-817f-7ecceefdd704,63,Nappy,Lucks,nlucks1q@statcounter.com,Male,76.131.96.12
31e0c893-9745-4823-a848-c232be0a8f91,64,Ruthann,Chesson,rchesson1r@auda.org.au,Female,175.92.155.211
8f7d4988-9a64-4c0b-9173-5354912c0aef,65,Lorry,Bonavia,lbonavia1s@wikimedia.org,Female,88.160.181.80
504e4c88-6f5b-48e3-a572-0df9efdbd085,66,Nyssa,Congreve,ncongreve1t@ow.ly,Female,220.101.14.213
96194784-2adf-44a4-8bb0-2f7e730b355e,67,Agnesse,Donan,adonan1u@google.cn,Female,204.236.214.194
4c375077-caf1-4805-9855-cd293523c218,68,Lucky,Merryman,lmerryman1v@list-manage.com,Female,36.186.137.1
c2190c4b-e87d-43e1-9d09-e5207f742031,69,Gayel,Tomaini,gtomaini1w@csmonitor.com,Female,192.125.204.155
730291c1-60af-4acb-8842-961483d7fb32,70,Kirbee,Hillburn,khillburn1x@cnbc.com,Female,89.155.196.87
8461d9af-91ee-4f03-b123-c4e7778cd020,71,Isadora,Davidsen,idavidsen1y@imgur.com,Female,163.205.192.154
1333c938-374d-4bf8-a27e-1f1f9240785c,72,Guilbert,Andriveaux,gandriveaux1z@shinystat.com,Male,198.247.38.128
5c96814c-b1b6-453c-8a64-86f85f6aec4c,73,Cassi,Dauber,cdauber20@mac.com,Female,178.193.142.62
74de0eba-24bd-43ba-a6b5-ba46a4dcd282,74,Eveline,Caley,ecaley21@tamu.edu,Female,153.124.111.59
f6a2dcf3-3c09-49ce-af07-49bfcb94950b,75,Elwira,Nairn,enairn22@aboutads.info,Female,166.172.145.254
322633dc-acb2-40af-9d9f-5b7f10aef526,76,Alyson,McAlister,amcalister23@gov.uk,Female,193.61.128.249
20de5224-e9ae-4924-8dcd-8c50e9c6013e,77,Knox,Rumbelow,krumbelow24@digg.com,Male,40.62.93.201
5b879850-237d-406c-bddd-287d43b527be,78,Frederigo,Russe,frusse25@dedecms.com,Male,217.213.140.2
e4017717-7959-4a3b-bceb-b533269ac3a3,79,Maxim,Aguirrezabal,maguirrezabal26@youtu.be,Male,237.85.7.133
03eae6f8-f9c6-422a-bbb3-2166f142f226,80,Sissy,Stainer,sstainer27@bandcamp.com,Female,187.179.110.213
12261298-bbb9-4a12-bbb0-720fcbf2c4a8,81,Fraser,Helleker,fhelleker28@phoca.cz,Male,50.220.68.229
ba42ee05-e5cf-425a-855f-39f75da3cd5b,82,Yovonnda,Pieper,ypieper29@businesswire.com,Female,214.241.245.99
77280646-1d4f-44e2-b569-0e9fc3c978bf,83,Phaedra,Blaza,pblaza2a@nydailynews.com,Female,105.4.26.91
b9809142-4d1d-48db-b44e-c6757d725a46,84,Sheffield,Terrelly,sterrelly2b@dropbox.com,Male,69.221.205.245
b52964fe-97b9-4db1-bd28-2fe452cd505d,85,Pierette,Franzettoini,pfranzettoini2c@google.co.uk,Female,99.211.55.204
85b01ffe-0dd0-40a7-9f58-75722cb3663b,86,Sully,Hillhouse,shillhouse2d@omniture.com,Male,78.171.238.64
e9b6e55b-40a3-4e7b-a633-1cc3a682451a,87,Mikol,Feasey,mfeasey2e@utexas.edu,Male,240.28.68.20
0c724204-f2e6-43fb-88a6-9c728148ccde,88,Margi,Scollard,mscollard2f@hao123.com,Female,29.197.137.224
17fe890e-e97b-4a74-8903-88353ba6a44c,89,Lockwood,Maasz,lmaasz2g@economist.com,Male,121.53.174.241
93bd635d-a67d-4a65-8320-2e85bec77f59,90,Alano,Ledster,aledster2h@ameblo.jp,Male,3.253.154.118
9317dace-354a-4cb8-8482-56844e1178d1,91,Linda,Farnon,lfarnon2i@cafepress.com,Female,163.211.50.88
3609c81a-639e-4536-8119-0599fb5d44fd,92,Bria,Goudman,bgoudman2j@wikia.com,Female,188.152.187.220
7bf640eb-00d3-451e-b69f-a0eb2e91f6ff,93,Oliviero,Danbrook,odanbrook2k@deviantart.com,Male,75.235.227.215
0f437fe4-8c4c-42cb-a3e5-3c702b2582a6,94,Quincy,Pottage,qpottage2l@patch.com,Male,154.127.131.134
708afd81-28ca-45f4-b517-dd7c101ebda1,95,Celestyna,Dugue,cdugue2m@163.com,Female,36.29.113.164
1d47223f-8a90-44bc-a702-30c4b332b436,96,Julietta,Fargher,jfargher2n@washingtonpost.com,Female,189.113.78.34
41e5d917-6618-4e84-b0f5-c666fa878848,97,Antonie,Parmer,aparmer2o@skype.com,Female,97.153.48.12
ac0dc75e-e1fc-4e5b-b057-13d9f22f8fd0,98,Eric,Gibben,egibben2p@ezinearticles.com,Male,60.174.138.240
178ae8c6-d2d2-47ee-a5d0-6b3c78adc301,99,Mattheus,Orbell,morbell2q@ed.gov,Male,121.79.173.84
5daf1d69-d59e-4849-a043-1025c516bf70,100,York,Menilove,ymenilove2r@amazon.com,Male,89.68.53.24
d3b9dece-b002-4fa8-90e2-79b18d517105,101,Ibbie,Meas,imeas2s@cocolog-nifty.com,Female,36.103.198.82
9021ef00-4f9e-4496-bf8c-93a5e4496e51,102,Aggie,Pedrol,apedrol2t@1688.com,Female,179.66.14.222
75796d86-3947-4e2d-b0c5-79e72f78d882,103,Greg,Clemitt,gclemitt2u@addtoany.com,Male,212.33.93.93
8bcb7baa-6eed-4a9c-b6d1-05d44604955f,104,Rourke,Casado,rcasado2v@eventbrite.com,Male,235.159.71.212
4910ed6c-133e-46fe-bb0a-202beb9cf83a,105,Trever,Cleef,tcleef2w@gnu.org,Male,24.191.95.165
3b54d715-c4c7-4169-b630-ffd840ef2152,106,Finlay,Scarf,fscarf2x@freewebs.com,Male,151.254.149.148
f273eece-654c-4b2b-bdd5-c188bd5f375d,107,Zena,Storr,zstorr2y@timesonline.co.uk,Female,139.112.190.116
144a3e16-3140-4a56-a7d4-c5e04c8a949d,108,Sydney,Bruins,sbruins2z@freewebs.com,Male,159.32.216.220
a654cae9-8f1f-491e-8eff-fd6ce734acef,109,Bobine,Shawyers,bshawyers30@kickstarter.com,Female,19.170.84.2
1153b3b2-7e00-4fee-8bf2-12ae87760dc1,110,Cherida,Yurivtsev,cyurivtsev31@loc.gov,Female,120.190.151.6
2b103f9e-de5f-4ef0-aaad-a08e7e709480,111,Vivianna,Trickey,vtrickey32@smugmug.com,Female,73.115.105.233
661447c8-70be-44b7-887d-f2f36709a8e0,112,Lynnett,Gronav,lgronav33@vkontakte.ru,Female,161.220.0.45
f6e10337-afc7-4463-aab5-67c359e14412,113,Concettina,Britee,cbritee34@cisco.com,Female,255.23.30.232
783b8588-886b-46ea-80b0-f4d1bab7e0b7,114,Chickie,Willimott,cwillimott35@skyrock.com,Male,61.115.10.68
fbebd3fd-d3e6-489a-a71f-0f785f9c7fbc,115,Kinnie,Saffer,ksaffer36@cisco.com,Male,115.161.172.151
d4c1c5bf-3c96-4d3b-b9b3-500fe50e3721,116,Nikolaos,Gregoli,ngregoli37@privacy.gov.au,Male,232.138.61.187
0a1c3c5d-2345-4b6e-8f35-cdc0bef15a43,117,Marcelle,Rutland,mrutland38@bluehost.com,Female,79.76.54.92
f09d3ba8-6473-425b-aaa4-d9f4a9da20e7,118,Lauritz,Hands,lhands39@slideshare.net,Male,132.116.250.44
93566892-6176-484a-87cf-ea9e4a1c2b06,119,Kenton,Wadly,kwadly3a@wp.com,Male,170.223.55.23
86729a7f-2e6d-490a-b6b9-c11bf6974629,120,Simmonds,Benmore,sbenmore3b@intel.com,Male,146.144.147.67
5e8acef0-5309-4bc8-bb12-934e3848f94f,121,Harrietta,Satterley,hsatterley3c@cnet.com,Female,108.150.104.231
06ad733b-5657-4eb7-83c6-552fa455fab5,122,Lucho,Stellman,lstellman3d@reverbnation.com,Male,13.63.49.191
75f32293-74f1-4c2d-ac6d-960c630cb45e,123,Dilly,Jersh,djersh3e@bloglovin.com,Male,181.84.224.143
c0a6018c-b154-4fbc-8820-745dcdf0f027,124,Gordan,Chalcraft,gchalcraft3f@ycombinator.com,Male,233.113.242.146
cfc6b228-162f-421f-99fe-7d2b68645d92,125,Tandy,Braithwait,tbraithwait3g@dailymail.co.uk,Female,5.41.54.130
2a6e8308-6e2d-42fb-ad0a-56fb4d267af9,126,Ailsun,Corwood,acorwood3h@spiegel.de,Female,139.106.63.207
1cfbf2aa-9064-41b6-b333-f0fa4502dba2,127,Agosto,Stafford,astafford3i@parallels.com,Male,128.3.144.60
d315abe9-82be-4220-9812-068847436460,128,Ruperto,Bedberry,rbedberry3j@archive.org,Male,199.0.216.242
19101a3d-f995-4ab7-9a74-736b1d35c1ec,129,Austen,Poyner,apoyner3k@craigslist.org,Male,179.118.180.53
2dedf696-fd74-4615-8af7-05f0f585a19f,130,Patrizia,Connolly,pconnolly3l@51.la,Female,181.89.238.42
f31423d3-4d6c-4503-98bc-cf6db739420d,131,Ailbert,Smillie,asmillie3m@networkadvertising.org,Male,190.31.49.209
d38599d6-bcf2-46bf-b041-dc2430668c75,132,Kelsey,Cometto,kcometto3n@blogtalkradio.com,Male,164.177.63.149
23b25af1-c560-494f-8c3d-f126dceac955,133,Roselle,Hebbes,rhebbes3o@washingtonpost.com,Female,182.133.59.178
8e4d88fc-e4ab-4b11-a8b5-7417d1e830f3,134,Loella,Kerfut,lkerfut3p@marketwatch.com,Female,80.65.80.228
9dadae5c-26f2-45d6-b166-3835f99564f5,135,Rosanna,Westphalen,rwestphalen3q@jugem.jp,Female,197.87.61.76
7df2974b-d613-4847-a529-6a0ff4bbf170,136,Gilly,Nalder,gnalder3r@vinaora.com,Female,33.253.126.200
445e8080-df71-4459-98a3-90eef590d736,137,Emmeline,Twigley,etwigley3s@tripadvisor.com,Female,45.206.47.5
0b0765fc-b58f-4724-832d-6538f2662a9e,138,Timothee,Hardie,thardie3t@cpanel.net,Male,57.220.5.212
e4cab53a-c2b8-4709-97db-600886c86f23,139,Evan,Chesney,echesney3u@drupal.org,Male,28.78.86.99
205ad2f8-3871-4599-9513-1b839bc7a1fe,140,Lukas,O'dell,lodell3v@gmpg.org,Male,193.216.111.44
c342276c-517b-4545-8e11-bc7db095f638,141,Willette,Petroselli,wpetroselli3w@newsvine.com,Female,70.45.60.181
56d659cc-101d-4d2b-b1a5-7cd6b78205a2,142,Pyotr,Van den Velde,pvandenvelde3x@istockphoto.com,Male,30.139.182.124
6abc7629-1da7-49c7-b0c9-7b76b7fbfa2b,143,Levon,Grunbaum,lgrunbaum3y@vinaora.com,Male,51.157.132.7
7b4d06c6-4c9e-4305-ac03-b269bba751b7,144,Maurizia,Mallender,mmallender3z@tumblr.com,Female,202.135.116.254
71010bb5-921e-4c16-a127-9bf32e7df27c,145,Jerry,Larrat,jlarrat40@ow.ly,Male,177.72.84.215
639add7e-8037-44ca-a4e6-202597045b66,146,Sloane,Luxmoore,sluxmoore41@cnn.com,Male,129.120.162.46
d2897dee-579c-4a2e-870d-0f1403977d0b,147,Marys,Paroni,mparoni42@go.com,Female,25.221.161.81
0ed5bd5d-8528-42ea-8700-e9726bfd5edf,148,Kaleena,Strachan,kstrachan43@berkeley.edu,Female,151.109.188.155
a355020a-0d62-40b6-b8f2-9d2c72056f37,149,Steffi,Champe,schampe44@europa.eu,Female,12.162.47.86
9767d290-139c-4674-8e3a-a66966cb9ff8,150,Norine,Easter,neaster45@biglobe.ne.jp,Female,152.81.219.71
05e631c0-7251-4b92-8049-5f0431260894,151,Constantina,Bagshawe,cbagshawe46@go.com,Female,143.249.129.114
766e6f0e-6416-4c2c-aac9-f1a75123268e,152,Oneida,Clutheram,oclutheram47@barnesandnoble.com,Female,147.191.128.9
a6036d52-e33b-407d-9ebe-e9218e985b65,153,Dorie,McVey,dmcvey48@spiegel.de,Female,65.195.219.214
35b58a50-b264-41a4-8c84-df59bafb924a,154,Dolf,Egar,degar49@chronoengine.com,Male,171.196.34.104
e6560497-9d85-425c-b3d2-879de0719a6b,155,Arluene,Valentin,avalentin4a@g.co,Female,182.0.200.116
b2483598-2858-408e-9916-4f35545f48d7,156,Abagael,Ughini,aughini4b@ustream.tv,Female,153.45.146.12
1e9c3651-ac97-4f4c-9340-a404b7ef2023,157,Ottilie,Keemar,okeemar4c@sun.com,Female,198.5.255.149
4a9ebf6f-b439-4ab0-a0b6-ff32247842db,158,Robbie,Sodor,rsodor4d@furl.net,Male,105.212.106.238
b86cf463-e1a1-40ec-8fe3-06189741e864,159,Wye,Aldine,waldine4e@furl.net,Male,50.130.48.237
0e68a72a-bd1a-449b-b98c-6f550f96fc9a,160,Shep,Corbyn,scorbyn4f@twitpic.com,Male,9.223.100.123
1f6f3b2d-11f4-4052-9e27-3bf2a7a11997,161,Ileane,Stamper,istamper4g@home.pl,Female,45.50.22.123
63427708-f892-41a4-8a93-0e756828dbd6,162,Mufi,Paoloni,mpaoloni4h@cafepress.com,Female,150.100.198.93
ed011c8a-d13c-44a5-a0e7-6e349e5fc102,163,Philipa,Woolfitt,pwoolfitt4i@wp.com,Female,148.181.130.7
79a8321b-705c-4c90-a77b-2692b9dfcea8,164,Wildon,Kenson,wkenson4j@g.co,Male,239.216.242.2
253baf10-fb9a-406b-91cf-cd60405719b1,165,Marty,Newton,mnewton4k@noaa.gov,Male,185.51.135.62
a9809c8a-050b-4410-8a30-67dfd244f415,166,Allyn,Seson,aseson4l@twitpic.com,Male,235.20.163.44
acec7b82-3553-470d-a0ae-b5f3e47900c2,167,Ninnette,Goodfellowe,ngoodfellowe4m@parallels.com,Female,6.154.48.20
769a5080-2d42-43f5-9585-ddfb64ea6a74,168,Sharron,Leggitt,sleggitt4n@cbslocal.com,Female,117.182.179.177
83ee768a-27ca-49bb-89b0-790a20f05d9d,169,Ailbert,Summerlee,asummerlee4o@usnews.com,Male,120.207.253.201
feb1b74a-db25-43e5-abb5-14a9079d1f40,170,Pandora,Charrisson,pcharrisson4p@tmall.com,Female,124.55.128.30
19632143-b5aa-4a8c-af72-ee9190cef4a6,171,Godfry,Tomlins,gtomlins4q@is.gd,Male,235.37.11.121
73cc6bf8-1d03-4824-9584-2d65f89cde74,172,Terrijo,Bax,tbax4r@usa.gov,Female,227.150.94.240
0b21f8ca-e485-4d48-b14d-e0b0bd483b71,173,Beret,Cornbell,bcornbell4s@wordpress.org,Female,104.127.32.14
fae647f6-aa74-4848-a749-309d70c134ed,174,Kipp,Frentz,kfrentz4t@businesswire.com,Female,182.115.55.138
b1264deb-70cd-464f-a5c2-a1d5f706a346,175,Giustina,Coger,gcoger4u@hexun.com,Female,80.82.160.190
2d64bf35-96b3-4b79-bf47-0be7435da077,176,Bastien,Finicj,bfinicj4v@newyorker.com,Male,232.80.246.107
f52c1be9-216e-4cf1-94b3-01014313584e,177,Berkie,Clay,bclay4w@flickr.com,Male,224.216.172.60
20b6fc81-f92e-4e78-a5a8-0960af9c9696,178,Grenville,Garrod,ggarrod4x@ftc.gov,Male,195.7.11.145
779df366-731c-43fd-ba18-272d908ddeca,179,Sioux,Blayd,sblayd4y@ucsd.edu,Female,26.213.240.152
d6046d64-644f-4b67-a905-b4f9a84b93c9,180,Dory,Cubin,dcubin4z@unc.edu,Male,118.253.73.223
d55f6c84-7e45-4185-b7db-03f99fc1c082,181,Charmine,Conibeer,cconibeer50@phpbb.com,Female,7.245.14.121
0d6f4c57-7e04-4de9-8deb-ddb7e9c06ba9,182,Leia,Jelly,ljelly51@myspace.com,Female,49.10.221.156
0dcc3cbb-fce3-49ff-a465-d6a6e79aea3c,183,Michail,McComish,mmccomish52@upenn.edu,Male,49.239.31.16
9d4a22a8-82d6-4e69-9135-32e226a03b7c,184,Else,McKimmie,emckimmie53@miitbeian.gov.cn,Female,251.161.113.212
0f55c8f4-55c4-48c4-b087-55305beffd05,185,Corrie,Burtwistle,cburtwistle54@theguardian.com,Female,243.235.201.180
e857e81c-4ed8-4540-8916-d6f1509e8455,186,Marinna,Dzenisenka,mdzenisenka55@etsy.com,Female,17.91.58.142
ec3135fe-ad3b-406a-bab3-5de033c195e4,187,Leese,Siemens,lsiemens56@pagesperso-orange.fr,Female,91.34.87.80
bc998211-d5f8-4536-84a5-e1dd02c2a541,188,Wendell,Darrell,wdarrell57@fda.gov,Male,118.28.34.179
7a2bfff3-832a-4290-aee2-b935b5f5333d,189,Ginnie,Lutzmann,glutzmann58@china.com.cn,Female,235.9.255.22
0318e171-2d6b-469c-91d1-69232c5d0fd2,190,Tana,Screen,tscreen59@reddit.com,Female,238.240.253.178
676f36b8-dfa2-40db-9eca-d740ab647281,191,Case,Haine,chaine5a@yandex.ru,Male,2.7.52.219
c4df626a-850a-490e-8350-7b01a3a10e1f,192,Tristam,Ealam,tealam5b@youtu.be,Male,77.248.195.80
64150a31-f2b4-402a-9cf6-00113b291859,193,Karena,Gooding,kgooding5c@mozilla.org,Female,75.75.56.121
4c1c6fda-3532-4c81-82ff-70a30178b642,194,Emma,Woolway,ewoolway5d@canalblog.com,Female,226.241.208.191
9aa6b8f7-a36a-4583-8d62-188aa31403c9,195,Vita,Storie,vstorie5e@wikipedia.org,Female,77.92.196.87
0ffaf18a-674f-4665-813c-552b1627cc01,196,Maxwell,Pagen,mpagen5f@elegantthemes.com,Male,198.181.191.235
e2c5bd0f-3e17-406e-b51e-d6bc5d9b1166,197,Moise,Reggio,mreggio5g@i2i.jp,Male,155.39.122.199
48b4c405-f911-43e6-9590-4c86eb00a90e,198,Cari,Swash,cswash5h@tinypic.com,Female,160.251.126.46
79aad1ca-7fa5-4fd2-9a91-b6249de1e932,199,Vevay,Asbrey,vasbrey5i@apple.com,Female,56.189.115.117
b69cc990-beff-4a57-b500-7e0c895f4b94,200,Enrico,Dedman,ededman5j@forbes.com,Male,54.60.233.39
e9d5b9fa-6ecf-4106-a286-da32fc7416f6,201,Freemon,Carrabot,fcarrabot5k@shutterfly.com,Male,20.153.211.26
4405da69-d4ea-4ac7-bd3d-45f1b0c9b4a2,202,Onida,Kennan,okennan5l@bloomberg.com,Female,49.157.226.8
ead65709-06ab-479a-922e-4f199df78fe3,203,Isador,Ivanisov,iivanisov5m@quantcast.com,Male,156.253.53.86
e077b156-6b1c-4143-b7fd-b40fc58068bf,204,Jenna,Bush,jbush5n@hc360.com,Female,240.222.218.40
bd9d818c-b0de-4077-8602-778d15f21557,205,Celie,Bernaldo,cbernaldo5o@list-manage.com,Female,24.209.4.226
46e2eeda-f39f-4565-b7d6-6181c2e45052,206,Jervis,Gillbe,jgillbe5p@vistaprint.com,Male,68.145.167.165
5b03c358-6851-43eb-b105-4f531f0a2bc5,207,Foss,Dillingston,fdillingston5q@businessweek.com,Male,0.155.133.246
be3a6df9-f8c6-4e42-9ea6-4aa400a88ec4,208,Stephani,Moukes,smoukes5r@businessinsider.com,Female,180.108.129.124
76b82ef3-4b60-4ed4-8b7f-864f21e27698,209,Merissa,Alessandrelli,malessandrelli5s@ucla.edu,Female,19.18.125.249
a62fdf57-330b-4d7a-a377-5f0be1157f1b,210,Spenser,Crowden,scrowden5t@vistaprint.com,Male,187.200.207.225
eabfb598-6840-447d-9644-c3f3d0c3c080,211,Guglielma,Schoolcroft,gschoolcroft5u@reference.com,Female,89.90.192.101
44dbc749-675f-4c8f-9874-6d25672f46d7,212,Rollie,Benedidick,rbenedidick5v@dyndns.org,Male,249.24.33.83
227a0713-509c-4321-a074-794a9bb77419,213,Hortense,Frankcom,hfrankcom5w@github.io,Female,15.162.173.254
94619f58-c240-4efa-9228-e3df46b52d4b,214,Patric,Port,pport5x@opera.com,Male,216.251.231.236
66ab0ecf-4cfa-4f3c-9610-329731c715f7,215,Roberta,Spain-Gower,rspaingower5y@discovery.com,Female,27.25.145.53
8eb9a40f-d50e-4eff-b0ba-39ae95187a58,216,Mead,McBeth,mmcbeth5z@ycombinator.com,Male,50.105.6.7
9ed21bf6-7741-4270-b756-2fba45ed72c5,217,Dannye,Kuhwald,dkuhwald60@economist.com,Female,59.201.199.39
9e853f62-dc9b-44bb-8ace-b6b822ef3b3b,218,Clarke,Futter,cfutter61@phpbb.com,Male,248.1.254.134
6c3725b0-3357-48e6-bd88-944ecd8a5f3d,219,Rudolf,Colby,rcolby62@prnewswire.com,Male,80.8.6.155
d948da72-a0cd-443f-bc63-a026d8a2c514,220,Nanci,Dovington,ndovington63@domainmarket.com,Female,116.68.182.239
5a09be14-9257-4cdc-830d-c1cbeeaab616,221,Fairfax,Sepey,fsepey64@bizjournals.com,Male,123.9.103.73
798f6f18-d7bb-4b69-931c-5fcda3a7b407,222,Giulia,Fort,gfort65@tinyurl.com,Female,194.89.49.30
b5ab8b65-6da2-4355-9ab3-89a8f284109d,223,Fitz,Meffen,fmeffen66@noaa.gov,Male,99.35.174.158
51d72821-1632-494f-8b4c-6b01212e83b5,224,Sylvester,Ragate,sragate67@arstechnica.com,Male,169.190.196.25
34258fd3-e1fa-4c5d-837c-cb12077760bd,225,Danella,Offin,doffin68@mtv.com,Female,78.193.182.7
f2166e3a-0ef2-42a1-a92d-3046f288efb3,226,Alvan,Tremlett,atremlett69@nydailynews.com,Male,118.219.206.150
0181b6b8-94ad-48e8-9452-fcea4f5cd79c,227,Kirstin,Ruberti,kruberti6a@omniture.com,Female,93.223.222.21
d8ed43d2-cf12-4c82-94eb-2eda31b1e903,228,Fay,Bickersteth,fbickersteth6b@marriott.com,Female,98.93.73.69
29467640-2ce0-4137-9d2d-e564196a31d9,229,Wendie,Waddell,wwaddell6c@topsy.com,Female,154.87.150.235
8eafabdc-3f50-4877-88f7-c608b67dd8b7,230,Percival,Duchatel,pduchatel6d@chicagotribune.com,Male,29.149.95.136
6191cdf2-dd5f-4333-a5f3-fba76f417c7f,231,Shem,Nutkins,snutkins6e@cnet.com,Male,224.185.201.178
d7f3908e-76c2-43f1-850f-77e6cf326bf8,232,Jobi,Warn,jwarn6f@theglobeandmail.com,Female,113.114.117.179
2d2fbe59-aae2-40b6-9e23-f82ede296002,233,Alma,Tomaszynski,atomaszynski6g@amazon.co.jp,Female,48.227.187.196
e4376309-50eb-4b27-a901-ff6d9ce1b70e,234,Hayes,Spurge,hspurge6h@ox.ac.uk,Male,36.15.20.39
db389deb-a5ce-46b9-9da6-7304ff2c9e13,235,Adlai,Ladel,aladel6i@wunderground.com,Male,208.9.118.66
831e117c-5ea9-4359-a2be-6bc44f429ceb,236,Scott,Fernley,sfernley6j@ucoz.com,Male,197.50.126.12
1406e45f-c21d-4709-961c-7f7fbff8480c,237,Hyacinthie,Essame,hessame6k@imdb.com,Female,132.205.168.0
83172ddd-2b9f-4f4d-a8db-f0ff9afce2e7,238,Cleve,Buddington,cbuddington6l@vistaprint.com,Male,50.1.146.143
515a1de3-35ae-4952-ad01-eaf6d200d54e,239,Casandra,Heimann,cheimann6m@webmd.com,Female,244.35.203.165
647c8e03-56f6-4b0f-b553-fd1f47ebe453,240,Leonid,Ingman,lingman6n@hexun.com,Male,56.233.179.72
2176a076-ba54-401c-ad13-6fca28beb698,241,Marguerite,Jendrys,mjendrys6o@army.mil,Female,5.86.8.163
e17867bb-6b01-446e-a739-a413763f3023,242,Nestor,Linnit,nlinnit6p@pbs.org,Male,193.217.223.227
fc9143af-b384-470c-906a-6fcb07768c74,243,Patten,Grent,pgrent6q@irs.gov,Male,220.10.241.92
8ad08054-f6da-4952-bb61-9260ac544b51,244,Cheslie,Hamshere,chamshere6r@flickr.com,Female,238.140.217.173
79263bac-8cbf-4a9e-89c8-d6383a2247a4,245,Orv,Tuson,otuson6s@state.tx.us,Male,102.142.50.93
eee7d820-dfd1-48c8-bd5c-2d39e5fd5f56,246,Renate,Agron,ragron6t@howstuffworks.com,Female,214.212.39.202
947352bb-e811-485e-9a36-9a9eec737780,247,Kalil,Pakenham,kpakenham6u@ifeng.com,Male,87.12.99.170
53d04287-9f81-4942-a9d7-464e3c3b905d,248,Cameron,Gronow,cgronow6v@state.gov,Male,55.193.118.50
5763be34-94b7-4869-a4ea-fdafd56f84dc,249,Rosmunda,Himsworth,rhimsworth6w@meetup.com,Female,87.220.4.73
aa0bf291-e072-4432-91c5-ecf71f4f51b4,250,Audry,Cabotto,acabotto6x@i2i.jp,Female,191.65.92.221
2e6cc8f1-3ad6-4d28-8e95-e711b4d24767,251,Brooke,Barkas,bbarkas6y@nytimes.com,Female,27.175.248.213
526234cb-6a05-49d1-b4fc-064ebd22920c,252,Matias,Beelby,mbeelby6z@fotki.com,Male,121.151.36.210
a3376155-a049-4d9f-bb93-97f169e4a4a9,253,Magnum,Leopold,mleopold70@dailymotion.com,Male,175.173.13.140
af609d73-a934-49e7-a0e0-9f057709f4c5,254,Juliette,Devlin,jdevlin71@github.io,Female,235.97.15.144
7f686039-e5b3-456e-bb2f-ba19843581fc,255,Rubina,Olenichev,rolenichev72@nba.com,Female,31.210.156.227
46598966-b1c4-4b71-af61-ae725d740091,256,Lief,Brandenburg,lbrandenburg73@sun.com,Male,89.75.2.209
cf1ed39c-c3ee-44d4-9d9e-af772f69590f,257,Ki,Scholey,kscholey74@prnewswire.com,Female,234.226.137.203
0180eb86-fbce-4d3a-b4b6-3dea8ba77d4f,258,Aubrie,Anton,aanton75@sun.com,Female,138.60.186.216
d44791da-2466-460e-bd86-0ee2cdc5e799,259,Vaughn,Boichat,vboichat76@yale.edu,Male,33.92.202.37
052cb099-4f44-4940-b079-137ddf028bf6,260,Ealasaid,Ornils,eornils77@washingtonpost.com,Female,145.80.227.11
4b7cb562-b234-4189-855d-10d2aa913e23,261,Lorne,Scardafield,lscardafield78@booking.com,Female,103.186.165.64
79e746c6-c2aa-442b-90cc-1fc533b51b35,262,Renault,Sayes,rsayes79@state.tx.us,Male,239.67.215.253
db4f0445-7bfb-4272-8fd9-82c7cd02ba10,263,Lorettalorna,Bilovus,lbilovus7a@shareasale.com,Female,20.115.203.124
83854da0-ce36-4d13-95e3-65943dcad59a,264,Mathian,Bullion,mbullion7b@patch.com,Male,233.143.52.155
91da667c-a1bb-4d1d-baa4-d2c48e52a2a0,265,Doralynne,Endricci,dendricci7c@mozilla.com,Female,148.69.179.105
454b1223-f5c0-42ce-8368-035616fb32cb,266,Shea,Tween,stween7d@ibm.com,Male,44.133.75.49
1f35aa66-40e0-4a65-9ddc-3ba692e73a27,267,Kean,Mayoral,kmayoral7e@uol.com.br,Male,244.70.158.199
4a8b84a5-8221-4b9e-95a7-e04d889b2ea1,268,Laney,Domleo,ldomleo7f@aboutads.info,Male,108.68.86.27
6fab65dc-187b-4ead-aa56-c52ddd36d5a3,269,Kennedy,Sandison,ksandison7g@addthis.com,Male,177.83.119.101
e5a41361-7f3f-44f3-81f7-69891440996e,270,Suzanna,Spraberry,sspraberry7h@amazon.co.jp,Female,127.176.72.178
40dafd35-3fbd-4604-b717-f036bf5d9dd0,271,Rolfe,Witter,rwitter7i@google.com.hk,Male,53.64.184.114
40dd55a8-6bed-4534-9884-7624b7adee0e,272,Kincaid,Gillani,kgillani7j@sourceforge.net,Male,186.48.157.251
0837d9a0-2c78-4bdd-ae7d-316924199f67,273,Traci,Murie,tmurie7k@deliciousdays.com,Female,196.19.2.63
003c2818-3837-4349-8b79-15856a2f4ab2,274,Dimitri,Lebell,dlebell7l@mapy.cz,Male,215.82.241.121
6bd0ac18-4170-471e-9d22-580455a787db,275,Amalia,Sarle,asarle7m@1und1.de,Female,182.214.88.131
42682362-669d-4ea2-8c82-3ab4d569224f,276,Sherrie,Tellenbach,stellenbach7n@addtoany.com,Female,93.207.170.3
76733416-06b9-4650-8f99-3ef7a6e64966,277,Nadeen,Formilli,nformilli7o@chron.com,Female,47.5.112.29
5110abe9-1d78-42ef-8a3f-2a0affba4371,278,Michael,Donaghie,mdonaghie7p@businessinsider.com,Male,171.239.228.228
780c1d01-8b91-4d49-9d9f-430720990878,279,Liv,Ehrat,lehrat7q@lulu.com,Female,244.234.98.200
c4934d16-1be0-4798-82f4-8e015389df4d,280,Cletus,Flegg,cflegg7r@photobucket.com,Male,13.212.50.16
8885ecb6-7ed6-4df8-8d38-fafaf53e5701,281,Kayne,Lampel,klampel7s@de.vu,Male,143.42.121.245
706e0cc7-0aa7-49d1-9a11-af50b53151bd,282,Mollie,Boulden,mboulden7t@example.com,Female,44.46.29.233
e3fee475-b6c7-4760-8923-3ff5caa06a17,283,Sela,Edmonds,sedmonds7u@scientificamerican.com,Female,224.142.164.251
522c623b-4006-4428-a959-39e517ecfcdb,284,Kristofer,Manser,kmanser7v@hexun.com,Male,169.223.170.84
83e02d0e-bed1-4147-b3aa-a3d033a7dd5d,285,Dallis,Itzak,ditzak7w@washington.edu,Male,67.128.35.34
62b1669a-e958-4301-8b19-652017904051,286,Ced,Heintze,cheintze7x@g.co,Male,15.116.208.110
abb0c19f-935a-4387-9d52-1809eb419e10,287,Wat,Costerd,wcosterd7y@google.ru,Male,126.72.132.143
74b1f577-58ee-42d2-81d4-28510b600c34,288,Weidar,Ramsey,wramsey7z@goo.gl,Male,169.172.1.188
c85615e8-1ae5-4188-a86d-39e8b14198f7,289,Keefer,Dutson,kdutson80@sbwire.com,Male,235.171.218.115
6b2b55f7-14eb-406a-93a3-21bb0199f250,290,Marlie,Zack,mzack81@si.edu,Female,193.47.242.119
2fc6ce99-e7d5-45eb-a0a8-1a635a10a134,291,Shandee,Stowte,sstowte82@noaa.gov,Female,48.153.228.6
175ab48c-2011-4083-856e-d9bf4cf8c757,292,Dag,Jeandillou,djeandillou83@globo.com,Male,186.197.202.129
42d7135f-4a56-429b-8242-2e0ffb5c2dfd,293,Florrie,Shear,fshear84@godaddy.com,Female,156.245.62.141
42a6c0d3-c780-44a9-b8f1-390bd86531dd,294,Vernen,Craig,vcraig85@berkeley.edu,Male,172.61.215.123
a8f39485-0534-488f-b645-8cecbe28eab3,295,Stevie,Selcraig,sselcraig86@reference.com,Male,43.239.97.101
217e8c99-36f2-4cb9-b363-2c01a8fcfcaa,296,Kassia,Crickmore,kcrickmore87@usda.gov,Female,171.41.84.176
e5428bf5-ff2a-4318-a22c-b035da28e22a,297,Antony,Norkutt,anorkutt88@weebly.com,Male,183.178.153.236
90ce4f07-b39a-4edc-9d0c-c50e89891522,298,Hermina,Mothersdale,hmothersdale89@icio.us,Female,70.66.145.65
421dbe11-70b0-476f-a052-a7f79fe5d4ea,299,Wakefield,Chilcotte,wchilcotte8a@techcrunch.com,Male,9.181.180.6
fb0aa846-06c5-489e-bd8a-3d741e8110fc,300,Ezekiel,Wilson,ewilson8b@flickr.com,Male,12.69.141.77
c16c4109-fb5b-4ed1-b584-ca33a2bd1b1e,301,Alicea,Veronique,averonique8c@boston.com,Female,9.159.217.129
b645f00b-8045-4539-b134-479109080268,302,Major,Kennion,mkennion8d@webmd.com,Male,26.43.3.140
e2a16485-ded5-4b22-893b-3a395a98e7d2,303,Northrop,Derwin,nderwin8e@reuters.com,Male,83.230.183.123
7ac948b4-4623-4427-bf7d-278a3773089c,304,Julita,Caps,jcaps8f@dot.gov,Female,243.103.167.131
d686b137-399c-4e82-ad0e-b75e364ff03a,305,Jasmine,Jahndel,jjahndel8g@prlog.org,Female,205.17.243.88
5c40b245-7554-4cd6-92d1-b12cb5bd8105,306,Lura,Blackader,lblackader8h@t.co,Female,75.224.120.205
52700da7-d3a4-4766-980f-1109c54332c1,307,Ancell,Puig,apuig8i@furl.net,Male,10.230.31.1
0e124307-f865-4e9e-93c9-af922c716bf2,308,Joanne,Frail,jfrail8j@ameblo.jp,Female,132.50.22.71
7aed7ec9-795b-47f1-accd-c71605f045d5,309,Rasla,Celiz,rceliz8k@un.org,Female,0.61.182.86
09784dba-3bc6-46ae-8ae4-be89999b6fc5,310,Siusan,Hards,shards8l@arizona.edu,Female,18.98.60.254
f60de5a6-9308-4510-b426-6e17709b3b53,311,Josey,Simionescu,jsimionescu8m@washington.edu,Female,24.31.13.240
e355b64c-ae96-46bb-aa08-61ce62c15855,312,Enrichetta,Mac Giolla Pheadair,emacgiollapheadair8n@privacy.gov.au,Female,137.59.22.4
b9bbeb15-3b59-4a4c-af5c-4082e3218470,313,Ivory,Been,ibeen8o@nytimes.com,Female,217.217.124.241
8f47e4d2-c572-4760-87f7-d88d463ff36f,314,Gordie,Digwood,gdigwood8p@tamu.edu,Male,72.240.96.165
efeb2965-a2d5-478f-89d9-a877211f3b67,315,Guglielmo,Perritt,gperritt8q@paginegialle.it,Male,126.26.25.193
372b701c-805f-4cb4-b504-3c6ad32279ea,316,Harcourt,Mungan,hmungan8r@wisc.edu,Male,218.90.11.69
cf5dc490-2fc4-47cc-aba4-cd62ee5cb85f,317,Bethina,Willder,bwillder8s@about.com,Female,183.130.98.190
1d910841-c91c-4294-bd1f-c3520d811a3c,318,Kylie,Blodget,kblodget8t@cocolog-nifty.com,Female,113.85.128.77
dd269037-2f66-4744-b161-bde1ef40c6b8,319,Bing,Bretton,bbretton8u@usa.gov,Male,195.138.249.69
a6f34aed-cea4-434b-94ae-abf551e09cfb,320,Clerc,Lamberteschi,clamberteschi8v@fc2.com,Male,228.42.208.23
ec5e25a6-4e16-4c60-b64e-ac532e95631e,321,Amanda,Vannoni,avannoni8w@blogspot.com,Female,87.128.152.31
082ee4e2-ec92-43ea-9ecb-80de32d2d6f8,322,Nada,Cattroll,ncattroll8x@ebay.com,Female,97.249.63.54
d090aaaf-aa2b-45a8-b38e-7dccead97c34,323,Zaria,Dunster,zdunster8y@php.net,Female,30.20.131.19
1a0de92e-820d-44cc-9c00-91ea7c4f9eb1,324,Sher,Delacoste,sdelacoste8z@squidoo.com,Female,54.64.169.107
bbc1c305-9222-4acb-b713-d2ffddcdce09,325,Steve,Clapison,sclapison90@mysql.com,Male,244.14.67.175
445c6ef9-c914-4159-9cb4-df4487ac028e,326,Katharine,Durgan,kdurgan91@artisteer.com,Female,135.217.30.57
0df3f528-b39f-4d8e-9772-d2c791d1bc55,327,Junia,Bloschke,jbloschke92@gnu.org,Female,61.42.64.156
612aa3eb-d0f2-4cec-b9f7-5219f7e898f0,328,Elsa,Accum,eaccum93@youku.com,Female,185.132.47.132
0510fb5e-428a-4417-828f-737608826354,329,Lazarus,Ruff,lruff94@gizmodo.com,Male,86.254.150.220
3191dfb2-ff99-4e88-af6d-3be474835832,330,Hadleigh,Tollady,htollady95@google.nl,Male,96.155.223.20
2862708f-0ab7-4aa5-8cea-a06b94fc2bb1,331,Kristy,Albury,kalbury96@51.la,Female,40.176.61.104
99c3498c-2fda-4b96-9601-07919cfb80ea,332,Joceline,Adshead,jadshead97@vimeo.com,Female,167.171.138.21
623855a5-006a-423f-ab3d-bef583208760,333,Jerrie,Torre,jtorre98@apple.com,Female,179.170.4.227
a4690a40-651d-4503-94ce-41dbde574d05,334,Sullivan,Gabala,sgabala99@acquirethisname.com,Male,188.174.66.111
72e7922d-de0f-418d-9dad-0f71e99647da,335,Fara,Firminger,ffirminger9a@mit.edu,Female,231.21.250.125
4f30945b-04ee-4c86-bebb-c2cf051b2b1e,336,Bartolomeo,Brodeau,bbrodeau9b@prlog.org,Male,18.208.163.39
508fc5e5-d3e6-4c9c-957c-61e3ccdb9e70,337,Kaitlynn,Nunes Nabarro,knunesnabarro9c@foxnews.com,Female,166.203.52.81
f0e9ca2b-d554-4c56-89e8-4f4f7fcfe794,338,Derby,McKmurrie,dmckmurrie9d@nps.gov,Male,245.215.9.115
d4d8f4e7-d539-4dc3-805d-9e2fe6652e6d,339,Manon,Hammer,mhammer9e@list-manage.com,Female,134.13.63.58
a1f588e4-42d5-4625-ba9f-08189e6aba73,340,Link,Easdon,leasdon9f@1688.com,Male,80.146.187.204
0b4cc38a-956d-483f-96a5-a7d66d9c7f08,341,Jonah,Broadist,jbroadist9g@godaddy.com,Male,199.56.46.109
b0af8f75-1fab-4397-82b1-92529ea80ab8,342,Giustino,Tollow,gtollow9h@163.com,Male,242.206.192.178
53871227-13fe-404e-8f7d-ba3680ce0a1e,343,Margi,Swires,mswires9i@house.gov,Female,10.145.128.136
9bcbcdb4-080a-41fe-9ed4-7672d73b18b6,344,Greggory,Clixby,gclixby9j@utexas.edu,Male,189.127.234.187
5bb295a2-f8f3-48ed-a61c-ac3fef528907,345,Neal,Ellit,nellit9k@bravesites.com,Male,73.144.5.116
04d978c7-0eec-46a8-8396-680ec151dca0,346,Berny,Rapa,brapa9l@slate.com,Female,80.36.213.208
9948b6db-3b05-4dc0-82c2-7cc8d5bf8f5b,347,Guthry,Mcall,gmcall9m@lycos.com,Male,203.89.31.216
d6618ec1-af38-462e-800d-d971dadc415d,348,Carmine,Lintall,clintall9n@ft.com,Male,145.183.161.227
93174502-ed38-4e91-a3e3-fd3bc96e41ee,349,Daloris,Lawrenz,dlawrenz9o@dmoz.org,Female,130.33.30.174
2f24ebd4-8da4-448d-a6e0-a7682f26ed1d,350,Fina,Ellph,fellph9p@google.ru,Female,29.68.54.231
a4dc62db-1440-46d6-9330-ecb3a2a0b3e9,351,Neville,Witul,nwitul9q@tiny.cc,Male,79.109.212.90
6a20a832-3987-4ad0-acf1-dd19b500221e,352,Dori,Spooner,dspooner9r@sciencedaily.com,Female,204.125.119.228
0f12e948-c9f4-4ee8-9737-23292bb3c6de,353,Ruben,Rees,rrees9s@netvibes.com,Male,200.64.40.246
fd69c345-894b-4e2b-ae05-75860aa32c9b,354,Edy,Tombling,etombling9t@shinystat.com,Female,30.232.137.208
1f5d4771-36cc-4659-b94a-e17fd2801055,355,Izabel,Hastwell,ihastwell9u@buzzfeed.com,Female,47.172.251.86
f9e3b8bf-1d42-4cfd-949a-c8bd2268e9b2,356,Trenton,Hazlegrove,thazlegrove9v@nature.com,Male,49.134.230.145
c28fc649-d779-4082-b16d-8010efc91300,357,Odette,Wadeling,owadeling9w@hp.com,Female,51.69.50.41
9c358a40-0bb9-4b48-83f6-b186eaf71a57,358,Cointon,Quest,cquest9x@godaddy.com,Male,69.52.92.236
6bf6e196-973e-4b1d-a6ea-0570ebf24879,359,Floria,Toopin,ftoopin9y@msu.edu,Female,99.130.123.149
c0d4d686-b3cc-4047-98d4-8112d9e0622e,360,Teddy,Jordanson,tjordanson9z@github.io,Male,190.131.94.166
3ac361ad-c3b9-4ad8-b76c-c71741f0b2a1,361,Vivien,MacCartair,vmaccartaira0@sohu.com,Female,24.121.131.2
d781692c-5f73-418a-8f8f-a670d05292e5,362,Delia,Thecham,dthechama1@over-blog.com,Female,74.100.229.69
36b6d80a-adb5-4d74-a13f-c5a55e46a3e6,363,Walden,Hemphill,whemphilla2@ow.ly,Male,244.137.114.133
6b014196-a9a4-4e8b-b5bf-7b68db3a0419,364,Orbadiah,Holyard,oholyarda3@msn.com,Male,248.136.142.162
bbff97ba-72ba-45a8-a654-afea458cf901,365,Rollo,Ert,rerta4@stanford.edu,Male,31.47.123.80
2f77150d-9edc-4940-997d-803cf734cfa1,366,Sella,Francescoccio,sfrancescoccioa5@com.com,Female,213.164.234.210
c6aa23cf-a5c2-47a7-9eec-c99b1d2fc935,367,Pauletta,Lapsley,plapsleya6@toplist.cz,Female,102.40.236.101
702c2082-add3-4724-b868-265b626c05f2,368,Issie,Rothschild,irothschilda7@about.me,Female,226.80.155.184
b1185808-ab83-4798-b12d-a2d76032f3c3,369,Penn,Branney,pbranneya8@hc360.com,Male,133.61.204.152
8c0eef95-d9d7-473d-b31f-5f486e11e84e,370,Marius,MacDowall,mmacdowalla9@msu.edu,Male,67.57.173.65
e7a4e9d9-1b54-4eb4-b59d-90a4585a7acd,371,Orran,Radborne,oradborneaa@plala.or.jp,Male,26.116.8.236
0c386fe4-9aea-4a06-a829-6558aa65bed9,372,Waylin,Churchouse,wchurchouseab@dagondesign.com,Male,219.122.98.202
c075c5cd-ffbd-411b-bf40-dbdff80f943d,373,Mariann,Pantlin,mpantlinac@adobe.com,Female,140.218.59.181
876f25f2-6322-4ae3-abea-6d4566b3b91b,374,Herc,Kerridge,hkerridgead@skyrock.com,Male,12.199.163.5
fdb5621c-8e04-4150-8d1f-b3adf7b1213e,375,Venita,Bleeze,vbleezeae@sakura.ne.jp,Female,254.250.127.160
be13551f-9e27-43e1-9248-dd5ac9541ec5,376,Haleigh,Elix,helixaf@i2i.jp,Male,63.43.59.6
05499861-fcf4-4f23-be56-d24e7449e922,377,Keir,Brennen,kbrennenag@loc.gov,Male,252.137.168.162
20b9c7f1-f113-43df-953e-2d64db841655,378,Arty,Lampet,alampetah@squidoo.com,Male,47.206.56.9
0c93eaf7-d610-4645-8eef-b78abcfebb64,379,Giffy,Hearnes,ghearnesai@upenn.edu,Male,45.33.248.98
9f457683-c4c1-4577-88f7-25aca8c213af,380,Dalt,Wallhead,dwallheadaj@odnoklassniki.ru,Male,197.112.78.99
e13ef4f9-2e58-482c-8231-9d8e79712980,381,Bentley,Merredy,bmerredyak@goo.gl,Male,9.56.11.23
14496974-2c08-40f9-8faf-517d41098fc4,382,Wadsworth,Radwell,wradwellal@globo.com,Male,240.16.102.222
7183cd1c-9948-4fe4-ba62-dd18dba8858f,383,Prent,Gregg,pgreggam@google.com.au,Male,15.181.206.229
fa0376da-7b7d-4931-89d6-16484349dbe2,384,Maegan,Lumsdaine,mlumsdainean@state.gov,Female,252.57.47.109
ecf1b52a-2477-45a4-8ffb-516c7a027fdd,385,Chad,Mauchlen,cmauchlenao@amazon.co.jp,Male,249.242.10.15
0c472b6d-e70c-4f3f-aa84-11f00fbdde63,386,Jenna,Rubinsohn,jrubinsohnap@eepurl.com,Female,56.83.68.98
0e133adc-ab2a-42ca-9bcc-a96622f55aa7,387,Elmira,Cordelet,ecordeletaq@yolasite.com,Female,207.111.63.99
76a72fdf-36ba-4e22-8b45-a43e73cf55d8,388,Bernie,Moses,bmosesar@a8.net,Female,7.236.210.43
93454df7-7594-4b1e-b459-eb9046b0b14e,389,Zack,Orrock,zorrockas@weather.com,Male,85.195.42.167
26959f7f-0121-412e-83a7-b08da3e9e0cc,390,Wilow,Guerner,wguernerat@economist.com,Female,34.249.161.180
020a8984-63da-42c3-af2a-4335a6b80593,391,Antoinette,Belfit,abelfitau@slashdot.org,Female,154.220.117.218
7519bc65-70b5-44fa-9dc6-7a5816a167a7,392,Nathaniel,Sambedge,nsambedgeav@rambler.ru,Male,162.226.179.226
83fd17e1-bc5b-4505-9565-88820082c9bc,393,Dorian,Brimner,dbrimneraw@linkedin.com,Male,55.24.33.71
a84d6e2b-4ea9-4976-bd4e-5f63e3d3b97d,394,Benjamin,Gossart,bgossartax@wunderground.com,Male,118.70.56.226
16b2a095-a826-4af6-b3d9-f8376b91850a,395,Kania,Simonnin,ksimonninay@barnesandnoble.com,Female,228.91.213.124
a49d5698-ea85-4f41-86be-88261a8fb556,396,Yetta,Garaghan,ygaraghanaz@bbc.co.uk,Female,103.12.32.89
da9f3106-5b4e-4d24-a72a-3a12328a745e,397,Freddie,Sheere,fsheereb0@weibo.com,Male,74.57.130.21
1b11a2cf-fc23-4142-9222-d1b83ad386ab,398,Thia,Klulik,tklulikb1@wikia.com,Female,100.226.12.101
bb954222-97b6-48c7-876e-e004e70a4819,399,Carly,De Blasio,cdeblasiob2@mit.edu,Male,136.149.210.143
95a63994-2916-4dec-82f6-54e86f3c0437,400,Jamaal,Llewhellin,jllewhellinb3@paypal.com,Male,8.112.252.79
84a6f44d-50cd-4336-8975-d6c86bae9d7c,401,Dorthea,Binne,dbinneb4@so-net.ne.jp,Female,19.144.100.136
117d8707-f670-4b53-9c8b-4bc33b8ccf28,402,Pauly,Von Salzberg,pvonsalzbergb5@etsy.com,Female,11.190.25.157
bf9fb398-3d50-4435-a73d-500243b1c478,403,Fredrick,Ingreda,fingredab6@yelp.com,Male,230.215.189.225
e2c2b2d1-2a83-42b3-aec3-82010af9db6f,404,Ruth,Zmitruk,rzmitrukb7@gravatar.com,Female,200.83.233.163
ed637cf9-e27e-49a7-95b4-97a716d0c847,405,Conrado,Hanlin,chanlinb8@intel.com,Male,251.17.18.45
e9e6b420-9366-420c-9f98-070c8b454022,406,Wilona,Melloi,wmelloib9@ustream.tv,Female,77.107.236.234
f4fee7db-7cae-49e8-a7d4-e2b24ce0651b,407,Norris,Bourhill,nbourhillba@hc360.com,Male,70.169.210.23
a1d45a96-cb25-4605-8efb-b96c3ecd9df4,408,Christy,Bassilashvili,cbassilashvilibb@illinois.edu,Female,253.252.123.53
07714f55-b339-4796-b069-c2c3ad55d252,409,Ronny,Brosel,rbroselbc@storify.com,Male,45.141.111.191
f4fcd047-e1a6-49d8-82e0-546257271d1b,410,Aleen,Wilcocks,awilcocksbd@vinaora.com,Female,64.198.9.207
d1a3e81d-868d-4c3c-a2cb-3e2eaf09b981,411,Ansell,Josipovitz,ajosipovitzbe@blog.com,Male,24.252.74.89
6941bd0a-b3f3-4947-98ce-d9fc357bd8db,412,Lorne,Bertwistle,lbertwistlebf@vkontakte.ru,Male,246.47.119.29
14123f4a-f28c-442b-b9dd-31a97c064c12,413,Sax,Ternent,sternentbg@over-blog.com,Male,144.240.222.249
55464b61-72cd-4759-8ee3-bb1184449ed4,414,Dall,Bryett,dbryettbh@discuz.net,Male,158.71.158.58
ee20b925-e1d8-4287-8843-f76924a8c2ce,415,Jacinthe,Timewell,jtimewellbi@opensource.org,Female,218.135.15.55
08c5f8e5-3042-424b-90ff-6b757f0aec2b,416,Hartwell,McOwan,hmcowanbj@opera.com,Male,56.125.220.244
284c3fc0-c189-4949-b43b-b129b8c0ea08,417,Olenka,McIlheran,omcilheranbk@adobe.com,Female,6.232.48.202
ce1950c4-8749-4b78-a445-a324317ac68a,418,Kendricks,Glacken,kglackenbl@psu.edu,Male,217.247.112.255
9452fea6-0984-4e96-b47c-be04e08fff77,419,Lezlie,Kobus,lkobusbm@ebay.com,Female,112.120.16.255
483a32e0-f130-4f84-bfb0-c70b1870ccde,420,Chicky,Yanyshev,cyanyshevbn@umich.edu,Female,249.8.121.238
83d5ccc2-30cc-4e7c-a93b-b16659a14a12,421,Aloysia,McGragh,amcgraghbo@webeden.co.uk,Female,165.71.15.81
87108977-6ed4-4c91-89ec-089ec47edd18,422,Casi,Blackmuir,cblackmuirbp@adobe.com,Female,215.16.44.61
44c0f2b1-29a7-4636-8f91-2499bb7c91aa,423,Harp,Vasilchenko,hvasilchenkobq@pen.io,Male,166.33.107.71
ad18554a-aed1-4dce-9f27-f050868434cf,424,Garvin,Bakeup,gbakeupbr@cpanel.net,Male,207.44.244.104
8bb3cfcc-0003-466f-9c27-471572884cf6,425,Bank,Fundell,bfundellbs@sciencedaily.com,Male,167.129.32.248
bc3f20bd-c09a-4b31-9b12-c690d56b6bf9,426,Ginny,Kille,gkillebt@webnode.com,Female,81.24.216.92
d749d51d-0729-4197-9742-39309e6dca3f,427,Lexie,Yerrell,lyerrellbu@taobao.com,Female,230.75.211.117
e8c5a68b-9393-4e81-8dc8-8b80da8fe79a,428,Sammy,Van Leijs,svanleijsbv@wisc.edu,Male,85.89.84.41
13c23993-4c75-4e8a-829f-70995314b3ed,429,Shawn,Breadon,sbreadonbw@jalbum.net,Female,84.84.69.136
b243b5bd-be39-473d-a50d-1c2a48ce7a8a,430,Emmott,McAvin,emcavinbx@npr.org,Male,48.121.62.141
c903a8a0-1a43-4bdd-bfef-c24285e88357,431,Teirtza,Dilloway,tdillowayby@opera.com,Female,221.155.85.104
08da864a-fabd-4988-b47e-bf57b118ce32,432,Tiphany,Worviell,tworviellbz@prweb.com,Female,81.216.138.117
697d9055-63a3-4704-b3c0-a69c755b7052,433,Sigfrid,Wintringham,swintringhamc0@booking.com,Male,14.168.106.189
b4d1c4c7-76a1-4439-8bec-3fc3da0f1822,434,Sol,Beglin,sbeglinc1@blogger.com,Male,13.40.238.234
773cfeaa-ad29-40d9-9af5-69f1378d0ede,435,Virginia,Delle,vdellec2@economist.com,Female,27.50.63.91
14d8921f-adbe-4f45-9467-f928ce54ee8c,436,Ibby,Caffrey,icaffreyc3@apache.org,Female,191.70.102.131
a5faae95-42f6-4038-a90f-2aa536911f4a,437,Bernie,Culley,bculleyc4@imgur.com,Female,223.238.29.239
67e23450-bf2f-4ac0-a19d-71b01cc441be,438,Eliot,Devey,edeveyc5@feedburner.com,Male,245.16.138.90
2918de98-75fb-4036-b27c-5ef5d7d9c57a,439,Felic,Plumridege,fplumridegec6@canalblog.com,Male,4.126.1.187
583e2b6d-2b3a-4c85-a9c2-8222865ad4e7,440,Gerri,Klimek,gklimekc7@mit.edu,Female,188.56.172.145
915ffb9f-0bde-41f6-b7be-d4bd1641f3ba,441,Huey,Marcham,hmarchamc8@ft.com,Male,58.104.176.206
fe2916c7-fc12-448b-b2b3-042c4fb936ee,442,Eugen,Spilsted,espilstedc9@netvibes.com,Male,221.210.63.221
299dc232-20ce-4b38-b671-748c453ae8ce,443,Kore,Dorot,kdorotca@purevolume.com,Female,26.17.126.98
b9f085a4-a94a-4844-92d6-53cefb406fec,444,Gerry,Balm,gbalmcb@mac.com,Female,69.151.108.95
e2958ffa-6e05-4b4d-97f5-0d5587e197c3,445,Mechelle,Branson,mbransoncc@yolasite.com,Female,20.225.240.37
f6ba5fb4-f4a7-4b3c-b2da-a0f780aa99e0,446,Lorette,McLeman,lmclemancd@house.gov,Female,231.14.250.28
ce8765b1-a4fe-4b38-bf7f-d3edec111874,447,Toby,Mapledorum,tmapledorumce@imdb.com,Female,76.183.95.159
dfbe6c1f-4604-4ebc-a417-53607185e3bb,448,Georas,Perigo,gperigocf@aboutads.info,Male,175.71.206.200
00ab376e-1f57-4eac-aa4f-058763782195,449,Darelle,Molesworth,dmolesworthcg@elpais.com,Female,184.168.98.235
1f26dcba-1f6d-4f49-b7a4-7224c6b1ddc3,450,Sax,Tale,stalech@techcrunch.com,Male,66.4.61.179
a204a99e-9d3e-4cd0-9417-13e92e6146b5,451,Scotti,Harold,sharoldci@gravatar.com,Male,41.175.98.118
10ff5fd0-474c-458d-9721-9ff6f3cd5259,452,Courtney,Dow,cdowcj@prnewswire.com,Female,161.246.244.83
1e95920e-aa5f-4af5-85aa-6892afc32f47,453,Fern,Venour,fvenourck@yandex.ru,Female,133.32.74.170
cf6c9b38-5374-4c8c-963a-d6b3a5c203bd,454,Van,Stanway,vstanwaycl@theguardian.com,Male,233.4.197.212
684cc6d7-2b44-4bd8-9e51-a5d685c57837,455,Lydia,Kobierzycki,lkobierzyckicm@1und1.de,Female,22.59.153.213
a4ee6257-f2a3-4eef-b8f7-425c980d2435,456,Etheline,Arundel,earundelcn@shop-pro.jp,Female,129.25.136.251
0928d28b-7538-4a9d-9ec9-7320291e3f8d,457,Yvonne,Junkinson,yjunkinsonco@elpais.com,Female,131.25.116.9
6a3256ae-2c67-4637-9df4-f8c0dbc00f9d,458,Wylma,Sebring,wsebringcp@jalbum.net,Female,0.61.213.158
b1bd181f-b3a4-491d-89b6-026156b723f9,459,Gwen,Bertouloume,gbertouloumecq@hostgator.com,Female,141.79.162.217
b472fe15-0755-4734-85b6-37d0cc8c5696,460,Lucho,Rodell,lrodellcr@skype.com,Male,182.86.138.229
41d2ba89-de5e-41d9-8564-5ce0e2df234b,461,Les,Legrand,llegrandcs@sitemeter.com,Male,10.208.244.49
d821daf6-856c-4e94-be0f-da791cb1003f,462,Graeme,Zaniolini,gzaniolinict@aol.com,Male,25.4.81.112
5b38881e-8e75-489c-b80a-68c2d68a4c42,463,Bianca,Beynkn,bbeynkncu@weather.com,Female,14.150.88.246
8456070c-dcb1-4e1d-b9aa-424377119139,464,Westbrooke,Mouatt,wmouattcv@redcross.org,Male,198.26.65.181
c406737c-7ae0-4734-8ddf-06cc80d521a8,465,Janek,Extall,jextallcw@sphinn.com,Male,148.115.202.242
5f97e41c-6274-415e-ac04-a699cdfe9cf1,466,Svend,Capinetti,scapinetticx@themeforest.net,Male,43.144.128.233
8124f47b-ecf7-4515-9eb9-e4b84a82edc1,467,Arvie,Euels,aeuelscy@booking.com,Male,168.22.150.135
651f0f4f-7b9a-4799-8ba4-26c47cf1d5b8,468,Chickie,Bains,cbainscz@cargocollective.com,Female,56.113.113.207
3329f579-c7af-4a2b-8d89-b8f4844b5340,469,Anabal,Croneen,acroneend0@so-net.ne.jp,Female,184.253.92.11
511a69af-ec1c-4b41-ae88-4c1bbba6b684,470,Borden,Kobke,bkobked1@nhs.uk,Male,77.226.243.24
b14a026b-02c2-43e7-84fe-d5c9fb706ae3,471,Sean,Rodenburgh,srodenburghd2@wp.com,Male,38.120.227.60
d7e62e00-2fe3-45c1-aa91-f8dce091c28f,472,Dot,Stoven,dstovend3@china.com.cn,Female,112.50.240.225
3ab5c0fe-f4be-4729-976c-5ad500bfc2fc,473,Ricky,Teacy,rteacyd4@elpais.com,Male,219.213.120.182
563cbf44-59a5-45ee-9666-2057020585df,474,Elana,Tromans,etromansd5@alibaba.com,Female,121.173.22.3
1ba861ec-6fec-4a8c-8521-edd1936128db,475,Sam,Rawdales,srawdalesd6@guardian.co.uk,Male,47.3.97.165
771ff268-3879-49af-b08d-eac024a9e2e5,476,Davidson,Everson,deversond7@guardian.co.uk,Male,49.241.2.61
2c0b6185-2639-4b06-890a-5498bcca8cf8,477,Gardy,Breakey,gbreakeyd8@economist.com,Male,113.123.226.251
9f85d864-6da4-4382-ba47-08a3eb131ec3,478,Al,Sheivels,asheivelsd9@apache.org,Male,240.214.250.232
6ebb903b-3d95-42b1-8e99-a228b3ff2ec0,479,Verna,Petren,vpetrenda@comcast.net,Female,219.66.33.172
c9d02883-1ef5-49fc-8b8e-b8256c931438,480,Cello,Jotham,cjothamdb@businessweek.com,Male,208.34.196.121
f9b47f2b-ff5d-4277-a913-7c16002ddfc9,481,Bonnee,Stump,bstumpdc@jalbum.net,Female,84.113.151.114
c5f74336-7e80-4ce1-8310-7b7917ff6055,482,Kimberlyn,Portt,kporttdd@harvard.edu,Female,118.225.80.171
0951f0b5-e14d-48c4-9355-a39515067a43,483,Vevay,Lamblot,vlamblotde@topsy.com,Female,172.217.26.105
852d7379-aca9-4ec7-b874-0a719234c01c,484,Ringo,Yurmanovev,ryurmanovevdf@aboutads.info,Male,196.150.88.133
2c149a5d-6630-487a-a555-7fe503a5384c,485,Karna,Sommerled,ksommerleddg@archive.org,Female,159.42.186.113
071c3747-aabe-4b26-b2a0-ec11bebe8797,486,Dunstan,Fosdick,dfosdickdh@gov.uk,Male,49.217.126.177
cea28c74-c11c-440c-b41d-dea8fb39bfd2,487,Nessi,Gartshore,ngartshoredi@ameblo.jp,Female,52.199.226.20
822e4ef3-a289-4280-920c-4a0840dcedcc,488,Katha,Eskriet,keskrietdj@netscape.com,Female,210.184.130.159
f56672fa-cd04-4c69-b417-e71f76f893fb,489,Greg,McGuire,gmcguiredk@so-net.ne.jp,Male,43.188.199.232
cec7fa12-7291-407c-92f3-4819321f26a9,490,Kristoffer,Taffie,ktaffiedl@g.co,Male,187.164.84.45
f2c26277-21aa-4c10-8dd1-aa2f9b6764da,491,Valma,Ramsier,vramsierdm@goo.ne.jp,Female,105.121.68.174
191ffe30-939f-4f29-bba5-675cc62d39bc,492,Ron,Hatley,rhatleydn@woothemes.com,Male,151.117.111.157
6b0df6e1-a51e-4c5d-929c-8d41bfa67248,493,Pamela,Bend,pbenddo@unesco.org,Female,173.252.119.253
bce2a04e-cbd6-493b-bafb-863df82d9a53,494,Lilyan,Upham,luphamdp@jigsy.com,Female,93.130.70.184
d5a27b75-bfbd-4142-b9b7-160006b9f2e4,495,Brietta,Anderl,banderldq@amazon.co.uk,Female,165.85.42.60
11c0e0ca-1889-48ff-ad52-0753c1b2810d,496,Minerva,McGarrell,mmcgarrelldr@squarespace.com,Female,197.214.201.203
52bea910-4f9f-417d-9527-57cade1e87e4,497,Vida,Lubomirski,vlubomirskids@godaddy.com,Female,129.56.71.236
bb8b487a-17fd-4f34-b55a-ffa1c387a308,498,Deeann,Crickmoor,dcrickmoordt@mashable.com,Female,173.178.55.95
ba72f245-db8f-4131-ba83-98df103e497d,499,Rey,Gilli,rgillidu@webs.com,Male,150.88.47.199
ac114eb4-f3d3-44d2-ae95-49fa4c45d122,500,Libby,Gromley,lgromleydv@discovery.com,Female,2.20.52.56
8c134158-ac3f-4bab-a21b-a71c342a5f77,501,Billie,Brocks,bbrocksdw@bigcartel.com,Male,157.72.117.234
ce41e636-d25c-48f0-9ff4-34e8c940119f,502,Julie,Meron,jmerondx@wikia.com,Male,163.34.89.115
b752f877-267f-4f2d-a23d-1f4a92f3b5b8,503,Nance,Swainston,nswainstondy@slashdot.org,Female,186.96.215.188
b322dea5-9da9-4800-bf82-bc7c29f1de0e,504,Gareth,Cowherd,gcowherddz@ebay.com,Male,155.13.92.167
a2c72899-18a5-4e12-b6ea-36738c37cd23,505,Rene,Mathou,rmathoue0@scientificamerican.com,Male,120.33.199.61
f12b6782-a2ca-43a5-8b1c-8ac693968cd8,506,Jaye,Rizzardo,jrizzardoe1@blogs.com,Male,126.81.70.51
869d71a5-6823-4914-a244-661575b703fb,507,Brenda,Scurrell,bscurrelle2@ucoz.ru,Female,161.56.120.217
b06067aa-d9bd-4ffc-a3cf-fe41aeb4e5a0,508,Dierdre,Caws,dcawse3@slate.com,Female,247.240.48.196
1ce1fe4e-bace-4d5f-b411-1a06456ec982,509,Fanny,Chatelot,fchatelote4@nydailynews.com,Female,74.76.137.237
771015d1-71fb-40bb-8986-3010d0079c09,510,Oliy,Quest,oqueste5@ebay.com,Female,180.97.253.29
ac8182e0-a44c-4fa8-8000-f982d0ef36af,511,Morgan,Chapple,mchapplee6@angelfire.com,Female,236.139.172.153
a0c2185c-8ffe-4a67-970f-76ff71fe29c6,512,Marie-ann,Ilymanov,milymanove7@google.de,Female,165.7.158.209
06fbe7f1-2cd4-4d8e-9623-32e18c3c4127,513,Padraic,Greensmith,pgreensmithe8@yellowbook.com,Male,25.58.165.52
0e049e6b-e986-48e6-80e5-5d2b09bfe4be,514,Yale,Romme,yrommee9@blinklist.com,Male,5.83.200.150
48547fa3-ff27-4143-becc-9cd86f913672,515,Devondra,Duran,dduranea@artisteer.com,Female,73.201.251.13
1eda72b5-2177-4e32-a36e-02b9d7368b76,516,Nicky,Flippelli,nflippellieb@ca.gov,Male,156.138.79.184
8035e6d7-77af-4e41-bfc8-7b06e27fbcca,517,Nehemiah,Chace,nchaceec@bing.com,Male,60.39.145.42
09689e3f-7622-45e3-b315-6409d3efda74,518,Claire,Blackbrough,cblackbroughed@wunderground.com,Female,42.1.188.193
507c1b1b-f530-47fa-9a84-b778b1cfcb31,519,Cort,Perton,cpertonee@ihg.com,Male,174.160.50.81
9818a00d-3ec2-448c-adfa-fd7ef4074d55,520,Mallory,Giacaponi,mgiacaponief@arizona.edu,Male,158.47.253.59
35939fad-aca6-43d9-820c-2d34f0dcbf40,521,Dell,Noonan,dnoonaneg@bizjournals.com,Female,139.107.46.106
b8e88d70-2ad2-4547-8e2f-913b4f623494,522,Wittie,Yepiskov,wyepiskoveh@sohu.com,Male,56.220.253.179
40dcd7c1-31d9-4584-b797-bf44094b9ea7,523,Tildy,Ridsdell,tridsdellei@wikia.com,Female,198.13.231.119
047a4e90-2277-42fc-a42b-7f693fe5f5a8,524,Cristie,Leaman,cleamanej@cbslocal.com,Female,184.100.141.218
80bf512f-ca65-4d82-acb0-6f002ffe10b1,525,Mathe,Vivian,mvivianek@artisteer.com,Male,239.236.221.91
beb05d62-ddde-4b2c-b219-1048821f6da7,526,Ronna,Eytel,reytelel@noaa.gov,Female,123.48.214.1
4d71a2ea-f1f0-4fda-9657-b0c9fbe2c9da,527,Kaiser,Kettlestringe,kkettlestringeem@cloudflare.com,Male,9.118.170.202
9d29ff7e-37e7-41c8-a002-49c24b744de0,528,Antons,Hardaway,ahardawayen@google.com.hk,Male,210.160.104.30
dc55c79b-9856-48c3-b924-a09b7ff5654f,529,Marcia,Verdey,mverdeyeo@cloudflare.com,Female,105.109.137.74
6c56c66a-d408-4416-b6d7-9318fda1a8b7,530,Arte,Baudichon,abaudichonep@wunderground.com,Male,2.64.219.149
2f34eb43-9b4f-4b35-b498-b86fa9ae35eb,531,Teresa,Stedson,tstedsoneq@mashable.com,Female,59.218.136.101
83cfb430-f0a2-4146-80d2-ad1a99622115,532,Lynelle,Philipsohn,lphilipsohner@flavors.me,Female,86.71.171.45
79e05b27-1fec-4008-93b5-8ac18ccdfb87,533,Brock,Boal,bboales@newsvine.com,Male,133.3.6.78
4c418ddb-4ff0-445f-9d43-8e9b807c4f7f,534,Gerick,Dikels,gdikelset@theatlantic.com,Male,104.21.78.206
60183ac1-eaa8-4780-b001-766153d6482f,535,Josie,Lille,jlilleeu@goodreads.com,Female,163.245.225.233
2f8f2eab-81cd-4450-906e-7684e68eb071,536,Agace,Snelle,asnelleev@whitehouse.gov,Female,75.207.142.221
3bb615fe-b02b-4bb3-acb4-176b191559a0,537,Paul,Baress,pbaressew@go.com,Male,18.239.205.172
80ae05ea-ec35-4fa3-9d5e-84758fe53a81,538,Farlie,Haffner,fhaffnerex@nba.com,Male,1.124.236.191
489ba8ce-af0a-46cf-a17c-97a3a9b35ee5,539,Midge,Ducastel,mducasteley@mediafire.com,Female,139.79.129.43
16e803d5-4bce-4f82-86af-e17bc82bf268,540,Francis,Tattershaw,ftattershawez@marriott.com,Male,188.14.219.120
27b8de74-3bac-4100-bd57-2c71a99f242b,541,Lavena,Laurisch,llaurischf0@ucla.edu,Female,203.132.79.50
1c8a7014-753a-4f84-a0eb-c439943a666c,542,Benjamen,Branscomb,bbranscombf1@usnews.com,Male,81.254.243.139
1823ee5f-a08c-4a69-b781-9d7839b366f1,543,Darlene,Houdhury,dhoudhuryf2@accuweather.com,Female,61.126.210.108
6b4df5e8-1fa5-4bd8-a2a2-65e4a27c013e,544,Nolan,Grishenkov,ngrishenkovf3@yellowbook.com,Male,73.92.187.75
198a14b1-fe7d-4fde-b45b-e854e5dbd847,545,Benjy,McAtamney,bmcatamneyf4@apple.com,Male,205.33.122.229
4e1ef249-3519-4aad-9618-d6098e0c0f3e,546,Grenville,Misk,gmiskf5@jimdo.com,Male,222.6.24.108
0fd97687-6283-4a16-9dde-2c06ea75e2ca,547,Zsazsa,Chaudron,zchaudronf6@wikipedia.org,Female,243.45.237.239
030a77b4-bafb-478c-be29-4a0640e9c40c,548,Granny,Topping,gtoppingf7@usgs.gov,Male,50.50.233.252
e415d1a4-27e6-4c23-a012-7079d2179283,549,Richy,Stannah,rstannahf8@arstechnica.com,Male,44.183.6.65
e2d8e7ca-115a-4554-9d44-b4918dfede57,550,Karel,Cowe,kcowef9@bravesites.com,Female,54.228.119.69
32f7d4b0-dff0-4006-bd97-43e5661d404e,551,Thorny,Sayburn,tsayburnfa@over-blog.com,Male,167.255.196.100
691346f9-9b4a-4b01-939a-5c825be8daeb,552,Ragnar,Rickardsson,rrickardssonfb@skyrock.com,Male,29.46.75.208
83cdddd5-2889-452a-b307-0b0ded7f9c18,553,Essa,Lenormand,elenormandfc@vimeo.com,Female,250.156.202.240
7f1c7acd-1345-4fc4-9597-2ffd4d06ee1f,554,Angel,Braddick,abraddickfd@hao123.com,Female,52.21.10.247
321a7c75-68cd-4a19-b963-97eca61ebdf5,555,Anni,Dorre,adorrefe@linkedin.com,Female,166.133.53.241
e30c6bb4-7cca-4cfd-a35d-b37de5fa0247,556,Killy,Moncaster,kmoncasterff@ocn.ne.jp,Male,17.150.221.86
10e90d63-2127-46f4-8c24-95cc8e0346b9,557,Amalie,Hambridge,ahambridgefg@paginegialle.it,Female,120.124.7.242
fc95db3c-e226-4004-b782-b14e7c4c4512,558,Misti,Hanton,mhantonfh@xing.com,Female,233.197.217.108
b6030f57-d7ce-41ca-b0c5-9755797f5475,559,Erin,Dalyiel,edalyielfi@artisteer.com,Male,100.149.54.19
ffa66c59-506f-4c0e-a5e8-8d1d8c4fba95,560,Holmes,Paute,hpautefj@ehow.com,Male,2.106.69.13
512b79ca-ad94-45c7-8f0b-405f2f293e1a,561,Wilmar,Finkle,wfinklefk@last.fm,Male,159.210.184.254
33b2a845-55d2-471f-966e-6387489fab8c,562,Nesta,Eynald,neynaldfl@ezinearticles.com,Female,86.225.151.150
d883f4dc-78db-4d49-a91e-f35acb85cd26,563,Lisa,Baskwell,lbaskwellfm@infoseek.co.jp,Female,219.250.32.145
59860093-2eb8-4138-b968-516b33c1c975,564,Micky,Casburn,mcasburnfn@squarespace.com,Female,151.51.176.110
06fdd01f-458e-4fcf-9eef-58bedeb9ddc8,565,Morna,Wicken,mwickenfo@dropbox.com,Female,236.66.55.135
de6ad0e8-e59f-4f3c-8044-1c9600cb1b5e,566,Ware,Gillion,wgillionfp@nationalgeographic.com,Male,207.14.75.79
4de14965-1df4-415f-9ea5-8dd799999fb4,567,Eliot,Dykins,edykinsfq@alexa.com,Male,46.137.175.157
d5566b22-646a-48f7-87ee-28f0632d8f63,568,Fianna,Petrelli,fpetrellifr@unblog.fr,Female,208.92.80.227
6d542be6-ee91-4647-b66f-0a6029f7f28d,569,Grant,Jinda,gjindafs@omniture.com,Male,87.192.230.145
eba8d6ff-c568-4f2f-8199-615de8e3372c,570,Mufinella,Coucher,mcoucherft@sciencedirect.com,Female,191.100.146.250
f0d92f3c-9296-4ec2-b842-495a452538bb,571,Konstantin,Hawksby,khawksbyfu@quantcast.com,Male,184.153.148.88
0db36001-37d4-452a-9193-0e07f3f1bb09,572,Merrill,Smitten,msmittenfv@oracle.com,Male,181.198.197.104
f3cf37b2-f831-487b-8d1d-0c817a625e9b,573,Billy,Jefferson,bjeffersonfw@vkontakte.ru,Male,158.8.116.208
99babf66-c6a2-41c5-80f7-79b2ec154995,574,Maddie,Feetham,mfeethamfx@apache.org,Male,9.7.33.121
8059f2b7-daab-40d1-8064-a2fc92dfffde,575,Madeline,Pedro,mpedrofy@shutterfly.com,Female,119.253.83.49
e97bbc38-b471-40c2-8c16-6211b8b70a33,576,Dorry,Segoe,dsegoefz@cdbaby.com,Female,173.153.23.195
1f9c1fe9-1980-49d8-a169-e29d9e1e0d78,577,Ware,Pettman,wpettmang0@yahoo.com,Male,155.61.182.133
2b2be9e7-a344-485d-84c8-69861d5a84ef,578,Bernarr,Denne,bdenneg1@storify.com,Male,114.218.144.123
e83bfbd9-575a-48b3-bc9f-d56897edf509,579,Claudina,McKeaney,cmckeaneyg2@nytimes.com,Female,5.163.13.23
0f146749-4c13-4bf8-ae4c-2f44dc6ef278,580,Rosy,Dufty,rduftyg3@free.fr,Female,197.164.145.138
18185965-e932-437e-8356-978cc83e9abe,581,Maje,Andreacci,mandreaccig4@fastcompany.com,Male,81.183.115.234
08995ba5-e5ce-46a0-b48c-4f1dfcdfcffe,582,Kerianne,Mildner,kmildnerg5@cloudflare.com,Female,207.153.244.74
67adc8bd-4bd0-4fba-bd06-23a7b243c51e,583,Carce,Struthers,cstruthersg6@yahoo.co.jp,Male,73.105.223.155
4f6deb0c-332f-40f1-88b6-d94d0d6eba0c,584,Sloan,Laweles,slawelesg7@globo.com,Male,41.120.38.181
01cd7ff9-08cc-47df-a6d0-29c3701b7783,585,Reeta,Jaszczak,rjaszczakg8@hp.com,Female,141.94.6.57
1aa2f44b-fed8-4407-8a17-0aa6171c0dcb,586,Lorna,Mathely,lmathelyg9@economist.com,Female,178.92.7.19
5660db01-ac61-4a75-bb2a-428fd9eb73f1,587,Andee,Lafflin,alafflinga@feedburner.com,Female,190.58.55.232
46bcc960-dcea-4158-b8ac-ccccfd6d6a9e,588,Manon,O'Kynsillaghe,mokynsillaghegb@census.gov,Female,148.246.1.164
8589ab0c-afe6-40fe-9eed-a2c23cd66f7a,589,Willey,Wabey,wwabeygc@mapquest.com,Male,186.2.183.187
9bb5dd6c-e646-406b-935d-7ee259b44424,590,Izak,Hort,ihortgd@miitbeian.gov.cn,Male,88.34.126.167
42182311-4295-4c95-9189-9df8e864f76c,591,Englebert,Prendergast,eprendergastge@google.pl,Male,50.246.231.235
db546da9-1efb-4555-bebf-c658c70ee67d,592,Rupert,Foch,rfochgf@uiuc.edu,Male,74.164.100.83
68e46163-d0f2-4c4b-a54a-d8d146e5e645,593,Benton,Josey,bjoseygg@sourceforge.net,Male,88.98.79.44
56c19d3b-7d00-458e-9326-ae94d30ae644,594,Ammamaria,Spratley,aspratleygh@umich.edu,Female,11.2.23.250
2a3785dc-b352-4163-b378-b438699829e6,595,Mozelle,Blondelle,mblondellegi@nature.com,Female,226.13.95.126
1ce45a0b-ea2c-4b27-a916-c4ba963b5b44,596,Helaina,Shirley,hshirleygj@google.nl,Female,110.46.0.27
4e63f538-3e8a-450c-b91c-203c77cdf087,597,Dusty,Durnford,ddurnfordgk@yale.edu,Female,30.206.255.108
40c5eada-b308-4981-bee8-23759f96bb0e,598,Orel,Guillain,oguillaingl@cbc.ca,Female,163.139.147.30
9007e9af-0f37-40e8-a9d5-1df20852855c,599,Lonnie,Ballentime,lballentimegm@netlog.com,Female,10.112.230.194
32d875fc-1d1b-48c0-a2b9-4e5680511df9,600,Dav,Tomasi,dtomasign@oaic.gov.au,Male,87.114.4.218
86779646-2a0e-4c42-9141-dee76ddec08d,601,Rusty,Connechy,rconnechygo@cnbc.com,Male,171.195.102.106
fa8a4e65-456b-456c-a149-2f08d45a4b29,602,Correy,Conman,cconmangp@studiopress.com,Male,217.214.53.211
61aab60a-6683-410a-980a-eff1132eaaa1,603,Gayel,Dunstone,gdunstonegq@samsung.com,Female,171.19.100.218
9440f323-64be-48f5-af65-f9f2fbe7eba7,604,Sebastian,Perrycost,sperrycostgr@list-manage.com,Male,12.194.186.225
900f1d55-79d6-40fd-ab6b-6c51a0e2b246,605,Taddeo,Yakubowicz,tyakubowiczgs@studiopress.com,Male,230.128.95.230
6d33eb97-086f-451b-beb9-eb5b75794051,606,Anne-marie,Fawkes,afawkesgt@microsoft.com,Female,168.83.57.173
6cda7b63-a9ff-4308-b253-9b8caa27d5b8,607,Elly,Pau,epaugu@ycombinator.com,Female,143.74.200.167
fc20eb2d-6ada-457d-956e-60ab2e359a74,608,Dory,Euplate,deuplategv@icq.com,Male,129.217.62.237
ec9d850f-b574-4147-be24-515dd8cfaa04,609,Leodora,Crudginton,lcrudgintongw@spiegel.de,Female,12.111.169.177
1a61132d-1c87-46f5-a1e7-15b3f62e83b6,610,Merle,Ivons,mivonsgx@ocn.ne.jp,Female,250.108.248.60
9c26cd2c-05e0-4917-8fc3-8da6447a260a,611,Ruprecht,Duffy,rduffygy@hp.com,Male,98.215.206.248
50176761-9a6c-4d3d-9603-d58e761366a4,612,Tanhya,Frenchum,tfrenchumgz@plala.or.jp,Female,22.84.218.50
26c0341d-5ead-4824-9dc8-3d36b9ea6537,613,Hanna,Tratton,htrattonh0@sogou.com,Female,174.243.194.69
0d8c16f7-efe4-4d03-8277-eb8892933dbf,614,Ernestus,Sexon,esexonh1@discovery.com,Male,122.238.87.8
2dac4730-dcfd-4301-a461-ad4155c72ffe,615,Kienan,Van der Linde,kvanderlindeh2@noaa.gov,Male,152.184.65.126
dbc72e59-deb6-437a-b19c-84d42dbe2b7f,616,Lolita,Godber,lgodberh3@technorati.com,Female,247.225.255.106
92c4c294-641b-477b-9162-926d2b3c68be,617,Tiphany,Aksell,taksellh4@constantcontact.com,Female,26.30.41.113
cdebb4ac-4996-40a8-b50b-2ceca30a8c57,618,Phil,Angrock,pangrockh5@bluehost.com,Female,34.207.134.13
b2ecc75d-add4-4fdc-ab55-e551a824eb3c,619,Valeria,Klimschak,vklimschakh6@liveinternet.ru,Female,83.184.199.161
8afcc5ba-0cba-4c2e-8774-73a00b3f8501,620,Deana,Wace,dwaceh7@washington.edu,Female,169.58.36.36
2432705e-4fe5-477d-ab32-55bd92212089,621,Selestina,Hearnes,shearnesh8@macromedia.com,Female,25.189.111.206
5219c13b-5c51-49cb-bb94-fccbeffd8c61,622,Pryce,Castellaccio,pcastellaccioh9@symantec.com,Male,24.249.191.226
b021f287-53c2-462b-8673-20c2598934d1,623,Glennie,Polding,gpoldingha@csmonitor.com,Female,243.108.140.120
ba580130-d44e-43b2-ae8a-6ff106d4acfb,624,Lib,Janney,ljanneyhb@cnet.com,Female,16.87.23.127
3064d3e4-090e-4c7b-b75d-deafe9c619d0,625,Hermina,Winterborne,hwinterbornehc@eepurl.com,Female,214.137.200.24
e36dc67e-16a4-472b-a5a0-0ef1ff35507c,626,Hill,Helstrip,hhelstriphd@cbsnews.com,Male,19.84.0.59
efbff924-7930-4482-bdcb-09bfe6d96b2a,627,Cherri,Daine,cdainehe@shareasale.com,Female,222.216.92.90
d2d14354-b544-4070-a6a2-5978fbabe94e,628,Jacynth,Dunleavy,jdunleavyhf@soup.io,Female,132.54.17.147
8a8ce8d1-7f90-4e19-a8b2-dfc6cc03f4a2,629,Dorita,Lillistone,dlillistonehg@spotify.com,Female,84.135.45.247
c967031e-7caa-43bd-b2c7-15b78849149d,630,Alfredo,Learmont,alearmonthh@whitehouse.gov,Male,12.111.21.79
5e8d5bfc-8f24-4f38-9ea4-f3ef2b604efd,631,Fernande,Greatham,fgreathamhi@sfgate.com,Female,59.24.108.241
b3914c88-34d7-4316-8288-e694b64538db,632,Gail,Mulroy,gmulroyhj@si.edu,Female,232.46.4.115
9c52ad5b-5640-42bc-a892-f6238bb610d4,633,Kimmi,Chatan,kchatanhk@devhub.com,Female,22.224.94.185
8704a507-071f-4098-9295-98413b258d0f,634,Rahal,Haydock,rhaydockhl@wp.com,Female,74.10.144.171
16cbeba7-edb8-4b31-b435-70710cf17cfd,635,Bealle,Whawell,bwhawellhm@goo.ne.jp,Male,3.10.89.234
d4a7bd86-7cf2-41c3-8068-f26f0c68a791,636,Ashton,Munroe,amunroehn@pen.io,Male,10.18.249.124
25b955a0-868c-4722-adde-4ff4bec626ef,637,Harlene,Spittall,hspittallho@oakley.com,Female,12.194.230.99
cc49cc9b-a63b-43bf-9243-769a9cb102a6,638,Scotti,Bergeon,sbergeonhp@cocolog-nifty.com,Male,170.209.255.193
39396ca2-0f5c-444c-947c-2fda5ae12835,639,Carmelita,Foucar,cfoucarhq@theglobeandmail.com,Female,122.49.98.74
87626db5-3746-45fd-82ab-6dee591016bc,640,Marice,Girardy,mgirardyhr@over-blog.com,Female,59.56.130.123
dbbc6106-295f-4c60-b59c-760bd42a55f5,641,Catharine,Hurleston,churlestonhs@bloglovin.com,Female,92.192.31.150
860178e7-595c-4f1d-9ab1-d3f5a9f388b8,642,Ivy,Simon,isimonht@ow.ly,Female,194.89.166.36
9e73cc71-519b-444c-b0f7-47272ef13c88,643,Aylmer,Douse,adousehu@php.net,Male,199.215.79.11
2086ae1f-6464-4f06-af3b-7df5eb1407f3,644,Lyndsay,Moxley,lmoxleyhv@eepurl.com,Female,152.13.236.45
301d3dae-3171-4aab-87c1-09423b9fe804,645,Bastian,Kermit,bkermithw@dmoz.org,Male,95.83.5.165
8f6582be-bc0c-4e08-a718-72cc581758e6,646,Ansel,Dewing,adewinghx@webmd.com,Male,215.255.99.234
3f54fa1d-f9c7-4727-85c5-aa5c093146d1,647,Terri,Minifie,tminifiehy@reuters.com,Female,179.122.43.159
437737c2-2259-4578-ac63-423bf52d6da0,648,Brendon,Reddel,breddelhz@phpbb.com,Male,183.213.244.249
2744150f-aa86-4958-a801-e83fa5fbf344,649,Jamison,Elsley,jelsleyi0@usgs.gov,Male,91.104.232.114
2ae750e7-f613-4f01-b6dc-64e30a83d7be,650,Sandor,Robeson,srobesoni1@cornell.edu,Male,144.231.200.103
27092545-b5bf-4e64-aede-2e748465952a,651,Dynah,Hartill,dhartilli2@imgur.com,Female,53.3.157.88
890fa564-f619-4991-9914-efc5f4a94fd6,652,Orbadiah,Ducrow,oducrowi3@cbsnews.com,Male,96.246.88.90
d0a243e3-e16a-404e-affe-ba4d7896946f,653,Garey,Driffield,gdriffieldi4@mapquest.com,Male,154.186.86.247
755dc4f9-308d-4302-a5ae-e4cbf68979c1,654,Waly,Valentine,wvalentinei5@goo.gl,Female,54.61.96.14
7014ece6-9ace-47ce-9d4d-57a612016d1d,655,Samaria,Foltin,sfoltini6@blogs.com,Female,246.36.167.63
7aa09211-a21d-44ac-9d45-8861f5a85550,656,Isadore,Hanscomb,ihanscombi7@japanpost.jp,Male,69.224.150.187
fac7b573-16b8-4a5f-a2fb-81dd8324751d,657,Klement,McCay,kmccayi8@phpbb.com,Male,135.252.110.22
2125cd2a-ddaa-48e2-8de6-197247af77b9,658,Dita,Ida,didai9@springer.com,Female,33.103.61.219
7e4d60d0-8c72-41f9-b94f-042859bd5571,659,Rodd,Mattys,rmattysia@wiley.com,Male,26.143.166.2
da98fb04-1fa8-4446-ace3-7dbabcce255e,660,Davy,Wilstead,dwilsteadib@fc2.com,Male,250.52.110.219
2775b0fe-e73e-43e1-bd83-5f4f7e396abe,661,Linc,Yven,lyvenic@businesswire.com,Male,46.161.212.231
98f141b6-ff1a-4726-b2a3-3f6aff62db57,662,Sayre,Durtnel,sdurtnelid@newsvine.com,Male,149.103.131.142
fc45e691-d86f-4b25-86a5-a491b2efd9a2,663,Alvina,Peat,apeatie@goo.ne.jp,Female,250.210.131.127
cd265e9d-f815-4f3b-903e-3a8ce005ae47,664,Benton,Stuckey,bstuckeyif@delicious.com,Male,135.177.4.177
0dcdf652-2df5-41b2-b0f8-7f4ec80885e4,665,Kat,Newarte,knewarteig@dion.ne.jp,Female,102.96.251.167
fe8f0bd4-28b1-4358-9c84-133d1b9e8b3c,666,Vinny,Rumford,vrumfordih@istockphoto.com,Female,134.61.70.151
e5617649-1a9f-4ad7-8fa3-8bc7a8e38a40,667,Silvano,Authers,sauthersii@discovery.com,Male,92.162.96.219
e0b09c80-1961-4fe9-8a1c-cdf29068cb75,668,Charmain,Warder,cwarderij@smh.com.au,Female,7.187.178.51
0f984067-d43c-4e02-803f-96b49424fa3a,669,Randi,Horry,rhorryik@google.com.hk,Male,139.73.131.149
b1a22b95-c27a-4042-8e32-856d150a402f,670,Gloriane,Hamnett,ghamnettil@walmart.com,Female,195.146.93.132
ab0642a8-66e3-4090-af45-83112bfce771,671,Fields,McIlvaney,fmcilvaneyim@google.com.hk,Male,214.168.183.48
022d16c8-909b-4291-8bb7-f440f660176a,672,Reuven,Anglish,ranglishin@jimdo.com,Male,61.35.137.183
b7ed4761-6279-444e-8944-bb287d8888a9,673,Whitman,Skeldinge,wskeldingeio@blogtalkradio.com,Male,6.207.243.30
34c8d915-8b29-4699-b1f7-9b1c320551fb,674,Curt,Archbold,carchboldip@prlog.org,Male,59.101.63.41
043c4204-b1f4-4198-a5d6-66c8947d62fa,675,Doralia,Staker,dstakeriq@ted.com,Female,71.62.244.200
ae844926-be70-451b-a1db-78d4aa504603,676,Sukey,Showalter,sshowalterir@fema.gov,Female,118.137.109.158
f1db2207-a1ee-40db-acf0-843521668c26,677,Mateo,Attrill,mattrillis@gravatar.com,Male,132.0.130.197
81df4612-f528-4608-b6e4-184bb2674572,678,Jo ann,Swaine,jswaineit@blogspot.com,Female,107.133.166.62
3e5ba7d5-a79c-4ef1-bb79-1ed3ebbf5a96,679,Lissi,Beal,lbealiu@cnbc.com,Female,4.253.201.12
9c88def3-bc7f-4b3f-ac80-04f0dacfb5ef,680,Mariam,Merrison,mmerrisoniv@histats.com,Female,24.151.80.117
0ef42e88-5fb5-468f-9f5f-73f07b43911d,681,Sisely,Edgars,sedgarsiw@sfgate.com,Female,101.92.150.134
a0b85aea-69ad-4f94-b90d-0994e6132250,682,Arther,Bembridge,abembridgeix@ihg.com,Male,112.139.92.0
f1ec3837-20ca-44a7-bcbe-3dcaf04e9d3a,683,Lucie,Kubu,lkubuiy@delicious.com,Female,219.225.209.247
5e634a38-6211-45b1-b9a8-b748cce40fec,684,Don,Delia,ddeliaiz@bluehost.com,Male,17.11.77.78
63b6e5e8-9554-4d8b-b59a-f8291ad500a9,685,Korrie,Bard,kbardj0@geocities.jp,Female,194.34.227.198
d31769c2-6608-4a19-a9f0-8e017ffaa69b,686,Adam,Pettus,apettusj1@telegraph.co.uk,Male,118.137.177.104
759ac6d2-0cc8-42aa-8cc1-4571ff49c43e,687,Gradeigh,Wyllt,gwylltj2@mac.com,Male,33.89.155.248
cb8154e5-9deb-485f-a3cc-b17b3ef6d81b,688,Madalyn,Holdworth,mholdworthj3@columbia.edu,Female,83.157.104.233
0922d10c-9e2c-41db-80dd-fad13e52c50e,689,Gradeigh,Meltetal,gmeltetalj4@tmall.com,Male,46.128.15.5
b7e2fbbf-64c0-4a94-b63d-20e8a240e5e4,690,Morgan,Manon,mmanonj5@i2i.jp,Male,157.224.27.125
afff3b78-e562-4fb6-87ab-241188eab6da,691,Calhoun,Lindro,clindroj6@comcast.net,Male,79.109.10.214
2697d07a-bb4a-471c-8abb-ce69b99be40e,692,Brandy,McNelly,bmcnellyj7@exblog.jp,Female,45.133.202.196
723310d7-c53e-4bdd-bc0e-559bd51a1cf8,693,Evangelin,Luter,eluterj8@cloudflare.com,Female,8.104.77.93
1e92ea01-83ac-480c-80f4-757e352ca86b,694,Emery,Dickens,edickensj9@state.tx.us,Male,195.73.11.148
975d2baa-d75b-48b0-bd69-6cf16d11a800,695,Trixy,Woolston,twoolstonja@themeforest.net,Female,113.174.38.224
705e370a-b37c-441c-aa03-b2f756c84e9d,696,Ilene,Amsden,iamsdenjb@pbs.org,Female,17.86.212.63
3d28c664-c6ec-40db-b3c9-b750c622d9fa,697,Daloris,Tennant,dtennantjc@bravesites.com,Female,236.224.203.139
1ed7abb1-c1fc-48fa-8165-b6e909e489ac,698,Nolana,Bockmaster,nbockmasterjd@ca.gov,Female,221.82.65.139
90f8e8ff-7d1e-4ef8-b736-bc786c97465b,699,Marris,Gianiello,mgianielloje@opensource.org,Female,125.131.108.17
51f3616d-cf05-4cb2-9238-02ec1373656b,700,Stu,Terrey,sterreyjf@dmoz.org,Male,4.116.146.14
4bc15efc-07ce-4cf1-bac1-5cb3b74618be,701,Orsa,Daish,odaishjg@storify.com,Female,81.94.235.69
43563648-cb58-4ef4-8960-8a08df83504a,702,Christyna,Gisbey,cgisbeyjh@google.it,Female,54.29.0.150
c2d63375-2529-4801-ad26-7f8bf39feb66,703,Dorrie,Rodriguez,drodriguezji@booking.com,Female,2.101.194.111
542c7825-a003-406d-8ed9-53f1381ba0f5,704,Marnia,Pullinger,mpullingerjj@woothemes.com,Female,237.113.252.68
c260c939-8d1a-490f-a3ba-f5cbeeda1b45,705,Cody,Furmenger,cfurmengerjk@google.ru,Male,236.33.115.37
19cb1aed-d427-404b-a191-f603da19a6b8,706,Haydon,Mettericke,hmetterickejl@linkedin.com,Male,228.115.144.129
c516b351-e756-40a7-80bc-d7c414135a07,707,Ezequiel,Morrell,emorrelljm@squidoo.com,Male,112.155.238.151
c36cacd4-4e76-4b80-a01d-26bdce666b06,708,Danita,Fancy,dfancyjn@china.com.cn,Female,82.93.75.225
d84ec05b-5a21-4c70-9bce-8da4fb4af3c3,709,Julita,Lytton,jlyttonjo@go.com,Female,244.231.236.170
d60df3c6-c710-4d59-8413-1c155f8be03a,710,Dasi,Arno,darnojp@i2i.jp,Female,98.192.213.46
d6c726e4-7f38-4aff-a8ae-7a64aa05dc1c,711,Brett,Densey,bdenseyjq@blogspot.com,Female,73.162.238.238
e2b8ef1c-e925-4ab5-b74d-ad5b48cc0b35,712,Deeann,Coulman,dcoulmanjr@shinystat.com,Female,78.55.119.228
5aadc0b0-e1dc-4157-9ad4-457d570d7822,713,Cacilia,Hinzer,chinzerjs@mac.com,Female,39.139.63.227
e04ca2e3-edb0-4502-895d-b19b4a3cfce0,714,Maddie,Sangra,msangrajt@va.gov,Female,254.247.173.124
56ed3c0f-5506-412e-946c-bfefef336280,715,Ruggiero,Quilliam,rquilliamju@java.com,Male,89.17.232.129
801eeeb7-e4fb-4598-8c24-4b7defe6544e,716,Mata,Rentcome,mrentcomejv@comcast.net,Male,117.73.148.239
89be97a9-5544-4363-a863-e386cf7caf07,717,Elora,Barabisch,ebarabischjw@bluehost.com,Female,113.117.185.124
5dfb56e9-99e0-43cb-b243-98558433d93c,718,Guenevere,Doberer,gdobererjx@va.gov,Female,175.236.13.220
aec7d1bf-46ac-4a56-a58e-2d5aa51bfd7d,719,Lexine,Van der Kruijs,lvanderkruijsjy@weather.com,Female,91.57.30.123
76c30a80-314d-4fcd-937e-3d949c3184e5,720,Isidore,Kinnoch,ikinnochjz@about.com,Male,184.24.239.186
391a74d3-97dc-41fe-9262-d7b237ac0795,721,Richy,Pointon,rpointonk0@blogger.com,Male,57.202.249.13
a37858aa-4aad-4fd1-9bc1-391f8047217e,722,Noach,MacAree,nmacareek1@globo.com,Male,254.126.59.11
6c626ca2-021e-41fc-a0f2-221eaa5c05f9,723,Jaquenette,Scading,jscadingk2@slate.com,Female,29.75.198.17
e65322f0-9382-4206-9005-ce16a400b02c,724,Krystyna,Paynton,kpayntonk3@hibu.com,Female,21.192.203.188
6d655b4b-7904-4e4b-86db-4aaa72e8e933,725,Fredek,Fancy,ffancyk4@smh.com.au,Male,148.8.139.217
9be3c8e3-14ee-45f8-8b0e-09f4f4d5038c,726,Boote,Duxbury,bduxburyk5@scientificamerican.com,Male,76.179.188.49
27be2cae-1e8f-44f1-9c29-177e01be25af,727,De witt,Tibald,dtibaldk6@disqus.com,Male,241.156.187.6
55d2c555-9bd1-4adb-84fe-bb6c13a739be,728,Berty,McCaughan,bmccaughank7@over-blog.com,Female,179.182.11.191
0a2045b0-de98-4fdc-ab85-929af6f9c8ce,729,Teador,Farfoot,tfarfootk8@free.fr,Male,103.72.213.82
ff7827fd-7e6d-4339-8b12-8d2e3ba578a1,730,Demeter,Vardon,dvardonk9@pen.io,Female,228.64.66.213
27bc5a38-2f24-422b-a9fa-6046a94d78ea,731,Nadiya,Chessun,nchessunka@apache.org,Female,34.254.247.235
f435d2f6-00aa-40fb-afab-f74d7379720d,732,Chandler,Kilmaster,ckilmasterkb@globo.com,Male,12.22.102.135
ee378acd-6f6e-4360-8dce-d219b4bdfb69,733,Kara,Tilford,ktilfordkc@toplist.cz,Female,166.234.162.230
eeea086d-1a93-4f1f-aa6c-b415d9ce7865,734,Darrin,Schrader,dschraderkd@webeden.co.uk,Male,142.185.149.126
4f9254cb-24a5-485c-91f7-a58c555dd6e6,735,Risa,Dishman,rdishmanke@ebay.co.uk,Female,65.162.76.254
513e6513-0332-4f63-ad94-bb298d670ca0,736,Gage,Stych,gstychkf@t.co,Male,196.167.119.11
05f9f058-294f-4ab4-931b-53233293dc37,737,Haley,Kummerlowe,hkummerlowekg@sfgate.com,Male,169.194.166.63
f4bf6183-1d64-4fd7-aa12-94ca213a0c3e,738,Cobbie,Biskup,cbiskupkh@sitemeter.com,Male,58.5.218.247
89642ab5-5880-41fc-a47b-b8ce446ab30d,739,Creigh,Lemerie,clemerieki@google.it,Male,8.56.158.11
132236c7-41bf-42fd-89d3-7108af44e1e1,740,Heriberto,Faichnie,hfaichniekj@chronoengine.com,Male,192.61.125.107
518a3600-b6c3-4bbb-a2b7-03e999b6ffa4,741,Elsey,Parkisson,eparkissonkk@privacy.gov.au,Female,108.224.33.19
62fb135d-94e1-4201-adea-6f278b3ee9b5,742,Terrye,Byrd,tbyrdkl@tamu.edu,Female,248.178.109.69
6245763a-2ee7-4c36-be64-ffe69a4889cb,743,Lemmy,Turpin,lturpinkm@java.com,Male,4.155.25.6
f8d201fd-317e-43b7-bae5-d83765b2f871,744,Greggory,Madgwick,gmadgwickkn@sun.com,Male,173.129.202.111
4cfb8564-a61b-4017-8e63-9d0ea189a268,745,Gavan,Messham,gmesshamko@sitemeter.com,Male,254.150.76.188
aea29504-abf8-4ae7-b4f4-70a63f38f2a6,746,Tiphanie,Caulfield,tcaulfieldkp@dmoz.org,Female,164.74.57.230
05542a93-2a91-4a42-933b-56617a2c0fe3,747,Brandais,Foyston,bfoystonkq@noaa.gov,Female,68.158.197.110
329b1a04-b263-4d80-9820-1d1d3f90824c,748,Oralia,Horrod,ohorrodkr@skype.com,Female,243.110.248.82
76c8bb12-a9a8-438b-87f5-af664cedb180,749,Jeremiah,Jimes,jjimesks@forbes.com,Male,80.104.59.196
11834051-505e-4e85-9f67-8b17c6bcc523,750,Coleman,Furphy,cfurphykt@vkontakte.ru,Male,222.126.153.176
46923404-bcc3-4cfd-a4f5-79040181590d,751,Duff,Phoenix,dphoenixku@google.com.hk,Male,166.10.42.173
bc3c70d9-66b9-4a44-aacc-84b3e85458e1,752,Ignacius,Kleis,ikleiskv@nature.com,Male,114.161.244.28
0ab9fd7b-8f9f-4379-a941-0776f48fb34e,753,Crichton,Garrique,cgarriquekw@usgs.gov,Male,233.16.91.243
df1c3939-e910-4da5-862b-bde5d4f6184a,754,Bria,Everiss,beverisskx@bravesites.com,Female,15.56.64.215
ff563914-a10e-4fe9-bb4f-ce2b3ef64030,755,Stephen,Strotone,sstrotoneky@is.gd,Male,178.240.130.159
23941a45-5730-4f34-b560-5b31b31a84d8,756,Aurilia,Parradine,aparradinekz@latimes.com,Female,90.87.192.208
478f926f-510c-4329-b9d3-e618fa731156,757,Killian,Gheorghie,kgheorghiel0@tamu.edu,Male,45.52.246.202
300f50e9-65b6-449e-b1c8-9e342c73732f,758,Colette,Aiton,caitonl1@amazon.de,Female,150.149.177.76
c8b4a356-d6f2-4ec4-a4b4-b236f850940a,759,Tibold,Matussov,tmatussovl2@pen.io,Male,164.131.21.138
7d9067a4-bfa0-47d1-9ff0-a03c6281dc28,760,Anders,McCaffrey,amccaffreyl3@wunderground.com,Male,176.243.155.160
5abbe347-cb0c-43ac-a7fa-fd3a41938017,761,Maison,D'eye,mdeyel4@fotki.com,Male,115.148.62.246
f257498b-229e-4fdc-9f9a-aa4dff0cca24,762,Erin,Stanfield,estanfieldl5@pinterest.com,Male,162.239.19.200
80de0e93-a76c-4ef4-8850-0548986cb9cd,763,Marketa,Seabrook,mseabrookl6@ustream.tv,Female,13.202.41.132
b6fb59c2-3484-46ed-b8a8-998e7bf86939,764,Husain,McCarrell,hmccarrelll7@prlog.org,Male,229.103.25.77
48878de3-1371-4eca-91df-111b0353c49e,765,Sybilla,Lascelles,slascellesl8@nhs.uk,Female,202.148.37.196
37cab02c-3902-4fb2-bc9b-6b0bde8663be,766,Antonina,Grogona,agrogonal9@rambler.ru,Female,187.99.194.5
8f88211e-320d-42ee-8479-2524c02ab5f5,767,Warner,West-Frimley,wwestfrimleyla@smugmug.com,Male,206.169.143.144
23f306ef-77a4-47c9-b920-bfc1e995939f,768,Corbie,Pauler,cpaulerlb@accuweather.com,Male,76.56.62.150
63cf6773-942f-4d26-86ed-90c69a4f93a3,769,Wake,Crossfeld,wcrossfeldlc@cargocollective.com,Male,247.114.140.11
a7110cb3-bb33-4710-ae56-2b7dcf960ea2,770,Janice,Kelwaybamber,jkelwaybamberld@google.it,Female,137.205.167.236
148fb8a0-6a56-480d-98f1-447df0458b13,771,Rozanne,Santos,rsantosle@disqus.com,Female,206.202.45.182
03b7eb4e-8705-4a60-bdd1-e7f287a815d4,772,Alexandrina,MacQueen,amacqueenlf@wordpress.com,Female,188.142.110.85
88212b3e-063b-433f-8ecc-b4c35234df20,773,Osmund,Pygott,opygottlg@webeden.co.uk,Male,195.55.13.8
650ba9e1-12de-4471-a945-cc41eb74ae0c,774,Jimmie,Sharpley,jsharpleylh@vistaprint.com,Male,149.114.169.101
568cbc1c-5fed-4eaf-838d-4920ba695761,775,Rosabella,Scinelli,rscinellili@privacy.gov.au,Female,65.135.114.73
18ed2177-8a51-4ec9-bf34-effc806b581d,776,Greta,Edsell,gedselllj@i2i.jp,Female,179.116.173.206
1540939a-2921-4737-b7bd-e9671f066a62,777,Mala,Styche,mstychelk@slideshare.net,Female,33.156.248.147
c22bd159-1670-4698-a501-bac8af75c820,778,Angie,Champness,achampnessll@networksolutions.com,Male,128.1.190.91
f26298c1-e818-4d3a-b3c3-677102c7922a,779,Daisy,Raubenheimer,draubenheimerlm@hexun.com,Female,102.7.196.221
62a26f39-7b1c-48a1-83fe-6dfc50e06aae,780,Gabriello,Cornforth,gcornforthln@hexun.com,Male,119.242.180.103
f886f7dd-c5c7-4195-bf57-7dfe4af3b007,781,Doralin,Hellwich,dhellwichlo@cornell.edu,Female,95.150.189.193
f974940a-fe3e-4ff1-9967-71feda1006ef,782,Evvy,Murcutt,emurcuttlp@discuz.net,Female,74.197.74.155
2b785585-7c86-4b90-8a02-16505f73c790,783,Dill,Egel,degellq@bigcartel.com,Male,218.93.247.244
71efb1c0-57f8-4ad0-94d3-afd2207f055e,784,Ashleigh,Capenor,acapenorlr@chron.com,Female,106.31.170.218
2ed7b107-8e7c-4774-afdb-a3f92528d14e,785,Torie,Marflitt,tmarflittls@oakley.com,Female,102.31.159.80
5936aedb-55dd-40ff-9a19-f43a19d02670,786,Leoine,Cleminson,lcleminsonlt@goodreads.com,Female,98.164.24.107
d928ce34-efdd-4ba0-900a-362a2eeb379d,787,Eugenio,Andreasson,eandreassonlu@wunderground.com,Male,23.227.89.198
a2429586-7663-479b-be48-49f78e667f17,788,Reube,Blaza,rblazalv@parallels.com,Male,70.46.56.82
808c0d33-7df8-4276-98dd-7a3b82162f28,789,Kristian,Conor,kconorlw@t.co,Male,145.155.247.223
c9c9740c-de3c-4a34-a37d-d37e0502e39e,790,Lauritz,Biasini,lbiasinilx@usa.gov,Male,217.169.247.17
7bf652b6-b518-447e-b46d-b9f6a2acb493,791,Farah,Vasin,fvasinly@aboutads.info,Female,48.85.85.231
629891ea-70e5-4607-a8f8-300aae827dc3,792,Noby,Radbourne,nradbournelz@apache.org,Male,29.119.27.64
f679c159-82e9-4fef-8b16-447e98b1342e,793,Marleah,Salomon,msalomonm0@timesonline.co.uk,Female,250.20.233.21
a44c2de6-ca34-455a-a87d-2dee27488611,794,Corbie,Crysell,ccrysellm1@miibeian.gov.cn,Male,218.223.139.187
269cf2d9-826a-47fb-bb8b-74b67a6b6875,795,Nealy,Liddiard,nliddiardm2@wunderground.com,Male,233.175.195.216
1e01b08a-25ca-4485-93e6-cf50adf2dcba,796,Ronnica,Cosins,rcosinsm3@uiuc.edu,Female,180.25.12.47
424f33f3-cd9f-4419-a9b9-2c308cc9bf10,797,Daniella,Cardenosa,dcardenosam4@aboutads.info,Female,109.27.97.37
1d548371-5fb7-438a-adf4-c14da3a29deb,798,Leonanie,Canaan,lcanaanm5@gravatar.com,Female,12.33.95.4
64d5f378-2a32-47d2-a6ee-6bff32194eaf,799,Yulma,Buddle,ybuddlem6@netvibes.com,Male,242.82.105.124
67cc2f0c-ccd3-4548-bea2-4827046381b9,800,Herculie,Skewis,hskewism7@un.org,Male,136.149.3.69
9b53fd35-01d6-4a35-9bd2-024af283aad7,801,Jephthah,Deaton,jdeatonm8@istockphoto.com,Male,62.114.199.76
41dcbee6-67d5-484f-bb01-8d1bd78b1143,802,Hardy,Rochester,hrochesterm9@delicious.com,Male,129.207.10.128
92e333a3-6c3d-4b35-8f3a-d7279e997161,803,Yolande,Sambath,ysambathma@rediff.com,Female,12.230.95.40
2303b94e-6e0d-46e0-a97d-4b4f0da0fa04,804,Ramon,Shorie,rshoriemb@diigo.com,Male,233.212.137.78
795a0cf7-870d-4150-87a3-23fe448bbd42,805,Shayna,Earlam,searlammc@pagesperso-orange.fr,Female,161.84.247.184
2a9cfe2a-da1c-4d23-a944-14a36ef851e8,806,Tucker,Wrankmore,twrankmoremd@fema.gov,Male,120.165.47.57
6d17b8a7-0db9-46f2-b0f2-4623780923c3,807,Yves,Paulitschke,ypaulitschkeme@over-blog.com,Male,139.90.88.31
685ed935-b0f5-4c83-ab17-1ebc32d2370b,808,Briano,Charkham,bcharkhammf@feedburner.com,Male,19.7.46.57
6fa59922-16fb-42c4-92ea-8360e9c59873,809,Katerine,Rableau,krableaumg@yolasite.com,Female,234.214.73.132
0a2a5110-9d7f-4d0f-bb9f-69861a07457f,810,Sean,Truluck,struluckmh@about.me,Female,150.200.105.44
1751da9c-7c2c-4454-9f58-18315853c8a6,811,Zackariah,Godilington,zgodilingtonmi@weibo.com,Male,156.252.140.52
4d855c06-2d0f-4a2e-a97e-ddfa80e5c878,812,Kaspar,Dike,kdikemj@simplemachines.org,Male,193.20.35.123
8329c28f-d6f1-4897-bee8-b05861b75167,813,Damaris,Akhurst,dakhurstmk@1688.com,Female,141.83.23.150
f4f8c2d7-4af2-42c9-9003-0a9b05fbc163,814,Sabrina,Howsan,showsanml@unblog.fr,Female,65.79.161.102
fbbd4ccd-ce40-4c83-b75b-9f20e9a202c8,815,Margarete,Adshead,madsheadmm@sohu.com,Female,208.168.151.242
74e663b1-8b0e-4e6e-9945-f71319855892,816,Gabi,Zarb,gzarbmn@accuweather.com,Male,197.249.173.131
5c454871-e26a-403d-94ab-764287aa920e,817,Kinsley,Miebes,kmiebesmo@apple.com,Male,124.123.40.65
26967ae7-45ff-4d51-9a49-32fe03b9042f,818,Christoper,McKeating,cmckeatingmp@moonfruit.com,Male,5.107.178.49
6019717e-b057-4adf-a289-ae6f3136f92f,819,Kathy,Bilbery,kbilberymq@cnbc.com,Female,160.78.83.177
5bdf7f2e-6a27-4ec1-8c03-4a3d471ec5af,820,Byram,McCurt,bmccurtmr@wikimedia.org,Male,194.115.3.102
7ad9a3e4-a3b0-4d0e-8186-2b688e7d9f4e,821,Debora,Ivic,divicms@xing.com,Female,7.140.89.211
f2d7a3d3-161b-47db-8405-42ee2d1f8197,822,Fannie,Tungay,ftungaymt@reference.com,Female,59.210.165.217
8ec6b03e-c5c3-4864-b9de-1624c489a115,823,Mira,Cordeau],mcordeaumu@wsj.com,Female,86.15.66.172
7a109b16-f2a0-4327-9d45-15e575160a30,824,Dorotea,Tomas,dtomasmv@dedecms.com,Female,143.102.142.132
5fa65d2c-c24f-40b4-abba-81a9873c119f,825,Helge,Yitzowitz,hyitzowitzmw@sbwire.com,Female,166.109.153.148
4c20efb9-942d-46cd-a75b-dbc9afe22dad,826,Andreana,Goodsell,agoodsellmx@ask.com,Female,84.126.77.200
09e1df7e-0dac-4d8b-9ac0-50213395d734,827,Land,Annetts,lannettsmy@sitemeter.com,Male,61.2.254.205
003b4fe2-a88e-481d-a814-8d7e698778ca,828,Genevra,Chidler,gchidlermz@hexun.com,Female,112.172.120.81
134fcf9e-3dde-4d8c-b478-3088010d6eca,829,Magdalene,Headley,mheadleyn0@guardian.co.uk,Female,86.177.18.9
b6e26fb3-8a60-4d94-b160-53e2ef700e4f,830,Auberta,Gherarducci,agherarduccin1@auda.org.au,Female,213.227.197.118
e4c8e240-2d03-4067-9db1-08c086472315,831,Sybyl,Mastrantone,smastrantonen2@oakley.com,Female,20.28.114.155
2b1cd6d9-81fd-4e9e-bd3a-32d0c730ae3a,832,Cherlyn,Greenhill,cgreenhilln3@hhs.gov,Female,106.7.212.38
2d8779c8-6f61-4a5f-a671-a85f4c063366,833,Gunther,Cornelleau,gcornelleaun4@harvard.edu,Male,124.226.9.104
da2deb8c-a556-41fa-94e9-f72d61164bc4,834,Philipa,Scott,pscottn5@cafepress.com,Female,30.0.238.227
3a4d8f1f-ee68-43c3-90df-ea894a4a5fb0,835,Diane,Tures,dturesn6@statcounter.com,Female,199.15.11.110
fe11a45e-5ea4-438b-902a-64fccb77dc78,836,Harriet,Tawton,htawtonn7@scribd.com,Female,147.43.201.113
f91da76c-ca0c-44e3-a4bd-443affbaa70b,837,Richard,Pales,rpalesn8@jiathis.com,Male,130.62.26.13
4e317ee7-b04c-4fa9-8edc-d3e4ee566600,838,Siward,Greschik,sgreschikn9@washington.edu,Male,187.88.60.10
e592f55b-061a-4c63-b16b-78d38b2502f6,839,Gratia,Hagston,ghagstonna@jalbum.net,Female,75.145.95.130
08fa758e-4083-4e1a-9097-3f69b7e5501b,840,Wat,Headan,wheadannb@clickbank.net,Male,61.162.20.55
6e86d1a4-b6db-4d30-97af-cf3064542c8a,841,Karlis,Glasebrook,kglasebrooknc@cargocollective.com,Male,181.247.148.74
08788668-ec33-4cbb-b22c-ecb6da7d723f,842,Stephannie,Aylmer,saylmernd@alibaba.com,Female,32.227.62.158
62120ace-77e1-4e80-8d8e-b238fc9b5ca7,843,Hector,Slogrove,hslogrovene@imdb.com,Male,81.233.165.228
4deb2957-b07b-4c82-98b3-4756d77ec126,844,Frank,Pickett,fpickettnf@cocolog-nifty.com,Male,140.20.156.66
fe439913-bf1c-4bd2-afb0-bee88b6ede70,845,Aldis,Lafranconi,alafranconing@histats.com,Male,182.96.8.243
7117c623-6913-4d79-90dc-3f3dac18207f,846,Gonzalo,Yockney,gyockneynh@europa.eu,Male,205.164.40.243
25704cfa-5ad2-4b1b-ba25-e389a1303ea1,847,Gerianne,Adamides,gadamidesni@elegantthemes.com,Female,117.93.216.3
1d3662fa-6cb0-4791-aa75-f3b7be1aa64d,848,Arturo,Everex,aeverexnj@nyu.edu,Male,191.97.149.15
e50d4443-36fe-4bd7-b703-4e18e9a8e3b8,849,Cynde,Pymer,cpymernk@clickbank.net,Female,115.255.15.254
033fcada-fb9a-42a9-b766-3e3653c7b858,850,Olin,Coucher,ocouchernl@samsung.com,Male,194.150.73.175
36fa0dbb-f9a5-4549-a11a-f7ac41abcc27,851,Grete,Stoll,gstollnm@ox.ac.uk,Female,1.171.23.211
023f83ef-07f7-4a05-bf8b-4c6fbbbcb0b2,852,Amandie,Clavering,aclaveringnn@salon.com,Female,226.39.17.193
9e7435f4-c8a6-4295-8be8-fb14bd40c687,853,Maurene,Jagiello,mjagiellono@nyu.edu,Female,97.119.45.3
f5c48e2b-4fd7-4485-af67-d86a9ac89efe,854,Karna,McGriele,kmcgrielenp@blogs.com,Female,134.80.181.222
a3f47716-e3d9-46d2-815b-95fcaec32278,855,Upton,Peery,upeerynq@uol.com.br,Male,54.247.165.162
2a0c76be-400c-46fe-95d8-33da182647db,856,Sherilyn,Futty,sfuttynr@cnn.com,Female,195.250.11.255
38386edd-c703-4c90-9207-3c97c914b72a,857,Allyce,Tremblay,atremblayns@businessweek.com,Female,175.53.182.45
7d9d393e-9916-46c0-a6fd-43293a23748f,858,Winny,Longhorne,wlonghornent@walmart.com,Female,97.175.144.56
47677ff5-875a-4673-b97f-5bf4c521fb79,859,Ninette,Brandassi,nbrandassinu@goo.gl,Female,242.145.3.51
9e993eb2-0a3b-449d-a649-88d43f655c36,860,Gwenni,Ubanks,gubanksnv@tmall.com,Female,91.4.73.90
209a2e8a-9c93-49bf-9742-77699886c16a,861,Richmond,Dalgarnowch,rdalgarnowchnw@irs.gov,Male,166.71.62.117
cade1d48-3460-4f00-9d78-bde819038e43,862,North,Curson,ncursonnx@ucoz.ru,Male,136.56.124.135
3f2a47ad-8e6f-4657-b123-6535da861c15,863,Carny,Bythway,cbythwayny@pen.io,Male,192.32.150.244
feaa3c0f-ce59-4f2c-9010-59b29ce4acf5,864,Avrom,Rosewarne,arosewarnenz@paypal.com,Male,130.100.254.192
303cce76-d1dd-48d8-bee5-0ff37fc17ded,865,Berrie,Latch,blatcho0@ucsd.edu,Female,249.47.105.102
3e3d5bea-7816-4c4e-99c6-74d482f6187c,866,Corie,Erickson,cericksono1@histats.com,Female,41.58.223.5
37196abd-216f-465d-a4f4-65f4639d6e28,867,Puff,Spadoni,pspadonio2@wiley.com,Male,84.250.92.173
0ab783f4-c90e-4f64-94c6-7ca7fd076df9,868,Bev,Dishman,bdishmano3@chronoengine.com,Female,92.218.36.64
7c28c45c-12b9-4ed7-99fb-855757338bbe,869,Robby,Pedro,rpedroo4@godaddy.com,Male,151.169.253.74
b5e16d0b-4505-4823-a20b-09a75066652e,870,Alys,Volkes,avolkeso5@shop-pro.jp,Female,33.26.248.162
eae05a8a-01e6-4e72-9b81-f792c7c96340,871,Wenonah,Decker,wdeckero6@bandcamp.com,Female,172.143.134.221
7cde538e-8a99-4f23-8c8d-10f8eab1d76d,872,Anthiathia,Limerick,alimericko7@salon.com,Female,6.156.2.89
7025ed3f-b104-47e4-8582-285c4823df6d,873,Nolana,Pristnor,npristnoro8@biglobe.ne.jp,Female,226.136.218.131
dce45ca3-553f-437a-acf3-563c5b359ecd,874,Hadleigh,Forkan,hforkano9@alexa.com,Male,245.181.55.252
7bf7f10c-559d-4fdf-a586-5529c73da604,875,Toma,Mitchel,tmitcheloa@craigslist.org,Female,149.225.76.235
c431a214-8acc-4af2-b8e2-40f60488773d,876,Rodge,Pennacci,rpennacciob@google.it,Male,12.174.248.242
770364d2-6005-4033-adbb-2c5fa789db65,877,Ursola,Kinloch,ukinlochoc@technorati.com,Female,187.254.174.93
b5b965ca-450a-472a-9b6a-a4123d43dd9e,878,Loralie,Oughton,loughtonod@yandex.ru,Female,31.38.96.231
e6890454-8c82-4709-ab77-7fc582935542,879,Libby,Fussie,lfussieoe@techcrunch.com,Female,206.65.137.71
3c5baebb-9b0c-406f-b186-a4c2d76b5287,880,Redd,Samwyse,rsamwyseof@shareasale.com,Male,192.37.202.43
2ab5ad1b-32d8-4f42-949b-120dd258090d,881,Marleen,Djurkovic,mdjurkovicog@bluehost.com,Female,210.213.46.77
0d04c343-5a2e-4cc7-8ac3-14bfd469b3cd,882,Elayne,Symon,esymonoh@360.cn,Female,209.252.223.234
fc84c09a-0823-467d-ab49-85b576e52c18,883,Lauryn,Yakobowitz,lyakobowitzoi@foxnews.com,Female,67.199.60.247
b1b55c34-5072-4d57-9a16-5349ee02fdb0,884,Todd,Cardinal,tcardinaloj@slate.com,Male,241.11.162.89
5118a920-76cb-4e2a-b7ba-f388de4e3932,885,Garv,Pighills,gpighillsok@archive.org,Male,204.201.99.34
73a57019-989e-4b4f-95ae-7306025838c8,886,Gabby,Risbridger,grisbridgerol@bluehost.com,Male,220.175.177.242
555e544c-fa8b-487f-bb41-737083d5fe26,887,Brandais,Whitwham,bwhitwhamom@creativecommons.org,Female,116.88.6.42
6e1baf59-f25f-4c4b-ba20-59e0c77bbfb1,888,Ulric,Leney,uleneyon@github.io,Male,125.156.249.152
481b789e-9a64-49d9-809b-0ba28798dd44,889,Jakie,Orhtmann,jorhtmannoo@mapquest.com,Male,6.135.255.87
8943abe3-981c-48a0-9bcb-289a75c320ba,890,Joanie,Tollady,jtolladyop@yellowpages.com,Female,63.159.195.61
be555e7a-267f-4bbf-8baa-adb2b1f59efc,891,Glyn,Ceaplen,gceaplenoq@dailymotion.com,Male,246.129.127.116
96576dc7-8fed-47fe-8a11-e85dd879b0c0,892,Suzi,Abramow,sabramowor@godaddy.com,Female,97.54.87.30
a0884b1c-3d99-46ac-8c69-f8aebdacba4a,893,Trudey,Symers,tsymersos@mysql.com,Female,233.15.90.3
420d6392-45d8-44c0-9b0f-780b1d0032e0,894,Osbourne,Jeppe,ojeppeot@weebly.com,Male,8.241.147.72
b5aa78b8-5cd7-4a88-9c3f-e9cb179683a4,895,Zach,Cunnow,zcunnowou@phoca.cz,Male,61.58.70.19
aa70d212-e205-4ba1-993f-e0e374546598,896,Gaston,Shafier,gshafierov@ustream.tv,Male,192.197.65.175
65798490-5d31-4843-a7ea-47092059c6d6,897,Annadiana,Fogg,afoggow@flickr.com,Female,161.72.161.220
98edeb69-105a-4140-9e3f-bd985924f1d4,898,Rinaldo,MacAlaster,rmacalasterox@blogspot.com,Male,248.151.194.8
277ac904-ffa8-4489-88d6-c144b1243639,899,Mable,Poncet,mponcetoy@independent.co.uk,Female,136.172.69.234
615cda6f-d148-4241-820a-d447bc3a9533,900,Orsa,Czajka,oczajkaoz@npr.org,Female,73.232.64.83
115670de-0956-482f-b699-d543c3b93f9a,901,Mackenzie,Busswell,mbusswellp0@ibm.com,Male,86.66.79.3
3b4c4c4a-e88c-4629-84e7-19f2c9a0d64a,902,Seumas,Housaman,shousamanp1@elegantthemes.com,Male,231.155.254.144
2b75aeb1-e1d3-48e4-a834-a656a93c6ad9,903,Jedd,McGenis,jmcgenisp2@flavors.me,Male,139.32.231.178
833b7d7c-9629-4483-80f0-7fd3810df11b,904,Nataniel,Broggetti,nbroggettip3@jigsy.com,Male,233.112.99.252
660a804a-85b6-4244-8e51-df2f78233d1c,905,Saul,Drees,sdreesp4@odnoklassniki.ru,Male,35.7.93.208
1ef41819-5ec2-4176-823e-3593612edc5f,906,Dinah,Filipczak,dfilipczakp5@bloomberg.com,Female,8.153.130.107
c60f79be-9500-43f6-85c4-47a286f31489,907,Vail,Cudihy,vcudihyp6@google.com.au,Male,9.213.238.210
d123559f-b23d-4095-b7f3-7dfcd33b6e9d,908,Gilburt,Hodgins,ghodginsp7@stanford.edu,Male,71.213.23.56
6f4b82ea-ad5f-439a-aa3a-73a41732e90e,909,Rik,Yegorovnin,ryegorovninp8@ucla.edu,Male,135.254.221.162
883a7820-2677-49d8-8975-5d7984d43206,910,Rowe,Harpham,rharphamp9@sciencedaily.com,Female,17.214.92.130
1b76c507-00fb-49e4-bbf2-94277d3dae63,911,Ruttger,O'Geneay,rogeneaypa@seesaa.net,Male,233.53.98.154
a90fb11e-542f-479c-8759-f807fa09cf25,912,Bradly,Jiras,bjiraspb@seattletimes.com,Male,86.191.231.39
8be20549-8ebc-4e93-9c90-d22363df2d58,913,Nicky,Malling,nmallingpc@unc.edu,Female,198.88.134.227
67aa25fd-6ac7-48db-bd28-084ad2450f86,914,Heath,Landers,hlanderspd@soup.io,Female,185.180.109.91
4948191e-7663-4b80-9fd1-2682243c49ee,915,Tamara,Tollmache,ttollmachepe@google.com,Female,142.76.177.176
6cab7868-a918-4226-8d72-575f89629d52,916,Marrilee,Brenton,mbrentonpf@vk.com,Female,153.27.241.163
66047448-3444-4e47-aa70-7a7ba5468baa,917,Anna-maria,Houseago,ahouseagopg@instagram.com,Female,126.66.107.174
5a38db33-c507-4a13-94d3-07fb7c39b471,918,Tracie,Gorsse,tgorsseph@slideshare.net,Male,56.161.125.105
3091348d-4210-4f55-982e-9039bedbaa24,919,Benn,Clearley,bclearleypi@blinklist.com,Male,167.33.205.55
2933aed6-e123-45f4-a2d9-ce65e862879a,920,Annabell,Eustice,aeusticepj@nih.gov,Female,7.143.77.1
afc25d12-ff97-4bf2-a541-6b042684b9af,921,Melba,Kimberley,mkimberleypk@telegraph.co.uk,Female,182.72.108.26
b1d7c229-749b-4ef9-aac2-7c914e102086,922,Patton,Sweetenham,psweetenhampl@g.co,Male,239.59.209.92
e2a69c9f-e0e4-4f77-af2b-a024d15929ec,923,Blythe,Beswick,bbeswickpm@sina.com.cn,Female,75.64.223.9
ffdd09a4-8f3d-4b85-8a01-bd88021db23d,924,Bancroft,Beeckx,bbeeckxpn@com.com,Male,7.137.144.164
17b4bf39-d896-45c4-bd6e-f5864e8044fa,925,Eadie,Culleton,eculletonpo@slideshare.net,Female,75.129.98.172
39a83818-6b53-43c5-bb9d-1d2031e92d81,926,Irina,Pethrick,ipethrickpp@redcross.org,Female,63.102.13.57
fcd1e213-3f67-4316-89c9-a2975a483152,927,Rich,D'orsay,rdorsaypq@shareasale.com,Male,32.155.75.106
0ce6e6a5-412b-4b99-9cef-9d503bf25e17,928,Wilek,Brecknell,wbrecknellpr@kickstarter.com,Male,12.175.144.182
d85c929d-da7e-4a9b-be84-bac2ded4e426,929,Gerek,Elvins,gelvinsps@usda.gov,Male,134.64.77.211
0030315a-cc63-4bfb-93cc-140087723160,930,Dodi,Bumford,dbumfordpt@fastcompany.com,Female,213.44.249.10
63d2f646-2b5e-4cb9-a8f9-899f5c7f8512,931,Leeanne,Reynolds,lreynoldspu@linkedin.com,Female,85.145.18.108
efffdc77-40a1-47d3-a569-5db42992650e,932,Wainwright,Budnik,wbudnikpv@usnews.com,Male,106.185.4.20
591b3c4d-d782-473b-b208-a3792388fe71,933,Melamie,Kuhl,mkuhlpw@mysql.com,Female,6.168.91.40
99b1673f-a229-4724-b929-81a278f70732,934,Korrie,Glandfield,kglandfieldpx@cdc.gov,Female,92.251.241.46
68a310e7-b61e-4b50-a75c-722cea5db7d7,935,Kathryn,Catterell,kcatterellpy@tripadvisor.com,Female,170.57.148.176
36b7fe50-eb82-4856-9367-9807a3dcf59e,936,Findley,Benton,fbentonpz@intel.com,Male,69.68.51.234
5067c9db-9fc9-430a-9a2b-563e551bc9ab,937,Vania,Veld,vveldq0@canalblog.com,Female,210.74.78.34
69f7ad80-7f8d-479f-9b41-95e773a46f61,938,Basile,Aisman,baismanq1@imageshack.us,Male,87.6.254.40
7bb7ab28-b230-48ca-8c28-5df3bd7ced4f,939,Derward,Whitcomb,dwhitcombq2@angelfire.com,Male,144.88.148.30
500fdcf0-dd33-415d-984c-830db9b56732,940,Pet,Ettles,pettlesq3@globo.com,Female,211.49.249.167
d5c6d5de-96ed-4fce-ade3-d1c8b409c02b,941,Dara,Tomczak,dtomczakq4@wiley.com,Female,217.213.231.9
c2d89235-8a4a-46c9-ac40-d1f25fdb7f4b,942,Toby,Packer,tpackerq5@wikispaces.com,Male,252.234.119.118
f814a8c9-3061-411b-a639-47da8187841c,943,Alvie,Gearty,ageartyq6@hexun.com,Male,250.187.166.45
ce498b84-b7d3-4746-a3ce-83bda32186a7,944,Clementius,Clavering,cclaveringq7@xrea.com,Male,6.246.249.109
2820b3b9-42e4-4083-bccb-e77098e74372,945,Edgar,Ferraro,eferraroq8@latimes.com,Male,69.50.14.232
ecfba7a9-bdf0-4fec-85bf-2adf47540153,946,Gennie,Pummell,gpummellq9@xing.com,Female,95.64.30.50
42f5aeff-753a-471b-9355-bc0512363063,947,Henrie,Sawforde,hsawfordeqa@chicagotribune.com,Female,220.55.0.101
c28393fd-d8f2-4cd9-aba8-20870ad7a34b,948,Heinrick,Lidgard,hlidgardqb@cdbaby.com,Male,20.33.110.202
a7724849-54d1-42f6-ab4f-d368d18af111,949,Tess,Corssen,tcorssenqc@adobe.com,Female,39.97.130.113
bbe870ce-3c98-4ac0-adcc-2d65d4968085,950,Marylin,Sigmund,msigmundqd@jiathis.com,Female,115.154.50.182
075ad5fd-9a6a-4d74-8f48-0483d7d6da07,951,Riannon,Upsale,rupsaleqe@guardian.co.uk,Female,143.4.218.99
040e42b5-a148-4160-9f98-f19b5802c814,952,Karalee,Bengough,kbengoughqf@dion.ne.jp,Female,117.218.111.251
cb807c15-5fac-4c67-ae34-6ed4e7c32d90,953,Ignacius,Beurich,ibeurichqg@devhub.com,Male,223.51.23.116
e81914d4-ff1e-40fc-b960-2a55e463ebe2,954,Gerta,Veal,gvealqh@meetup.com,Female,250.55.187.124
93fb265c-1286-433e-87f1-3b49673e671b,955,Inna,Bointon,ibointonqi@alexa.com,Female,242.115.100.44
461f4445-efd0-496b-9b6f-5ae8b0b8c8a3,956,Powell,Wabey,pwabeyqj@wikia.com,Male,126.132.179.84
a934f443-85a0-4913-a7c1-d39b5ed979b8,957,Saundra,Giffin,sgiffinqk@buzzfeed.com,Male,183.97.206.1
94f98e98-34b6-470b-9e34-54dbe4bdb213,958,Nobe,Stewart,nstewartql@scientificamerican.com,Male,236.58.29.118
3bfaac2a-0818-412c-ba72-75f942b6dea7,959,Wilfred,Smythin,wsmythinqm@fda.gov,Male,66.250.129.128
2e431926-9cf5-46a4-a9b0-f83d148c4c1a,960,Constantino,Eck,ceckqn@opensource.org,Male,34.43.180.244
e39ba8b4-a8a9-4cce-918a-f56cec4e24b5,961,Gus,Sayle,gsayleqo@cmu.edu,Male,237.66.228.244
86888d6b-b292-4c5c-b093-79e668964b8a,962,Harp,Dunne,hdunneqp@hatena.ne.jp,Male,152.185.97.132
60dcbecf-131c-4c0a-ad44-2b7aa36d6280,963,Chilton,Heathfield,cheathfieldqq@1688.com,Male,167.139.67.94
0f958b69-b367-4d83-b543-81e7197d35f9,964,Enrica,Doudney,edoudneyqr@angelfire.com,Female,156.113.63.80
049ae08d-b017-4f6e-a9c8-e84f16738a60,965,Janenna,Iddiens,jiddiensqs@telegraph.co.uk,Female,212.125.97.122
8c54cad8-98bd-450b-8a15-1c0ac538d536,966,Yolanda,Goodwin,ygoodwinqt@netlog.com,Female,71.44.16.132
724010f9-a751-4ed5-8b7e-8ed72c912ef2,967,Julius,Revelle,jrevellequ@adobe.com,Male,110.42.190.205
a8a10836-787e-464e-92f5-5eedcacfeaef,968,Doroteya,Hyndley,dhyndleyqv@un.org,Female,54.245.156.0
9fb4cecc-b907-44b0-b280-241da1204fa4,969,Kendricks,Sackett,ksackettqw@devhub.com,Male,98.125.179.220
cc600c90-85dc-4256-870e-afa68e25d7c1,970,Stephenie,Mumbray,smumbrayqx@blogs.com,Female,92.208.83.213
e336b322-5792-4f7e-aa54-d4ca56a58de2,971,Bethena,Crandon,bcrandonqy@blogspot.com,Female,35.248.88.64
553ff3c8-d9ae-48db-9be0-0dfba3a31b73,972,Willem,Vedikhov,wvedikhovqz@addthis.com,Male,162.171.182.98
afdcce7c-2438-46e9-bdf2-71c86fd33463,973,Ramsey,Fontaine,rfontainer0@ameblo.jp,Male,60.13.198.150
af35eb9d-dae1-44a5-a875-8dfce27f9336,974,Doro,Trussler,dtrusslerr1@google.de,Female,86.252.26.99
51f1cf0b-41ab-488a-aec3-693a21cd023e,975,Craig,Newnham,cnewnhamr2@europa.eu,Male,194.111.235.127
8c0dd27a-bd03-4612-842e-4b29de947555,976,Jenna,Pounsett,jpounsettr3@tinypic.com,Female,143.171.85.178
0f8f6d2d-19d2-4c90-80ff-5daa97b8f5d5,977,Immanuel,Crellim,icrellimr4@sogou.com,Male,152.230.215.241
49156cbb-e7bb-4d93-bece-2d98836d64fd,978,Ivar,Nowlan,inowlanr5@a8.net,Male,122.124.162.165
1dca157b-90a8-4bdb-a76c-9eab33354284,979,Cassaundra,Ferriday,cferridayr6@arstechnica.com,Female,111.17.208.34
eaccdae3-36eb-4346-ac5c-0d7c3c3b83fc,980,Sanders,Baszkiewicz,sbaszkiewiczr7@unicef.org,Male,208.14.130.39
78b2184c-05ff-4181-a205-e4be0030d4b5,981,Jonis,Ballingal,jballingalr8@angelfire.com,Female,205.30.112.54
c15e445e-4f31-4ed4-90f0-24884581e93f,982,Verene,O'Sculley,vosculleyr9@pagesperso-orange.fr,Female,73.63.196.237
56b2eb4c-bde2-4f49-a9a8-dad0213a0496,983,Starlene,Leband,slebandra@tmall.com,Female,64.1.37.228
4a1720cf-6dd5-49cb-82fa-556b8930264c,984,Banky,Mulhall,bmulhallrb@techcrunch.com,Male,249.222.177.115
ba2f9225-f4af-4476-bad8-a6e7b3ce7b1b,985,Averil,Grammer,agrammerrc@elegantthemes.com,Male,213.84.111.120
c31790fa-8ac8-4338-9a32-8c00e81c84da,986,Sherman,Pepperrall,spepperrallrd@tuttocitta.it,Male,196.35.177.218
53113e1c-46ab-4c0f-b3c5-fd1c40dc4ad4,987,Farrand,Mellhuish,fmellhuishre@intel.com,Female,2.137.83.87
04357c0a-c9c5-4f61-8c13-5b0eea4ed854,988,Mathilda,Crasswell,mcrasswellrf@ucla.edu,Female,16.108.138.175
a88edbd8-7141-46b7-8b4d-ae1e15d4349d,989,Cynthea,Gervaise,cgervaiserg@comcast.net,Female,41.243.71.185
fcac6483-9fd1-4983-8251-de3ca8a1dd86,990,Thatch,Woffenden,twoffendenrh@linkedin.com,Male,166.244.101.93
4b7ffa48-2e01-4ff4-b4d8-3d7b6d3c9821,991,Abby,Scotson,ascotsonri@tripadvisor.com,Male,182.109.237.149
76b57f32-c772-450c-93ed-250f5e85546b,992,Jillie,Beals,jbealsrj@histats.com,Female,84.50.4.228
696e2c6f-00da-4c9d-87ca-83496105fac0,993,Bernardine,Lyvon,blyvonrk@simplemachines.org,Female,171.171.80.197
8870b1ee-49a6-487d-a485-873d51f26625,994,Ab,Pittet,apittetrl@sohu.com,Male,144.242.13.75
9b46fa14-2280-4f6d-a062-bbe08e226383,995,Dalenna,Sinclair,dsinclairrm@altervista.org,Female,137.248.92.120
85a51837-44da-4105-ad0e-6eebf777d24b,996,Caroline,Downs,cdownsrn@github.io,Female,15.243.73.94
7871cbf5-fa26-4668-b89f-20c8f0c11a0b,997,Shawn,Holah,sholahro@bloglovin.com,Male,83.39.24.4
2fb62009-ecde-4fdc-ab40-aabd2db58d33,998,Rebe,Trosdall,rtrosdallrp@timesonline.co.uk,Female,187.169.217.159
84d46801-6031-4f58-a572-4d0b52b5adc8,999,Augustus,Gaul,agaulrq@bing.com,Male,90.234.124.96
6f777f62-876a-491f-bee2-34351ca7aa37,1000,Florri,Kenewell,fkenewellrr@lycos.com,Female,180.38.202.174
